ID,Temp_let,AdRate
RPV 095,A,0.05
RPV 096,A,0.045454545
RPV 097,A,0.041666667
RPV 100,A,0.05
RPV 101,A,0.045454545
RPV 102,A,0.045454545
RPV 103,A,0.041666667
RPV 105,A,0.05
RPV 106,A,0.045454545
RPV 108,A,0.041666667
RPV 109,A,0.038461538
RPV 110,B,0.071428571
RPV 111,B,0.058823529
RPV 115,B,0.0625
RPV 116,B,0.058823529
RPV 117,B,0.05
RPV 118,B,0.045454545
RPV 119,B,0.047619048
RPV 120,B,0.0625
RPV 121,B,0.058823529
RPV 122,B,0.058823529
RPV 123,B,0.052631579
RPV 124,B,0.05
RPV 125,C,0.071428571
RPV 126,C,0.058823529
RPV 127,C,0.052631579
RPV 130,C,0.055555556
RPV 135,C,0.058823529
RPV 140,A,0.043478261
RPV 141,A,0.043478261
RPV 142,A,0.041666667
RPV 143,A,0.04
RPV 144,A,0.038461538
RPV 145,A,0.047619048
RPV 146,A,0.045454545
RPV 147,A,0.04
RPV 148,A,0.038461538
RPV 150,A,0.043478261
RPV 151,A,0.043478261
RPV 152,A,0.041666667
RPV 153,A,0.038461538
RPV 154,A,0.038461538
RPV 155,B,0.058823529
RPV 156,B,0.058823529
RPV 157,B,0.055555556
RPV 159,B,0.047619048
RPV 160,B,0.058823529
RPV 161,B,0.05
RPV 162,B,0.05
RPV 165,B,0.055555556
RPV 166,B,0.05
RPV 167,B,0.05
RPV 168,B,0.045454545
RPV 171,C,0.055555556
RPV 172,C,0.055555556
RPV 173,C,0.05
RPV 174,C,0.045454545
RPV 176,C,0.058823529
RPV 177,C,0.05
RPV 180,C,0.0625
RPV 181,C,0.058823529
RPV 182,C,0.05
RPV 183,C,0.052631579
RPV 184,C,0.05
RPV 185,A,0.043478261
RPV 186,A,0.041666667
RPV 187,A,0.041666667
RPV 188,A,0.04
RPV 190,A,0.047619048
RPV 191,A,0.043478261
RPV 195,A,0.047619048
RPV 196,A,0.041666667
RPV 200,B,0.052631579
RPV 205,B,0.058823529
RPV 210,B,0.0625
RPV 211,B,0.052631579
RPV 212,B,0.05
RPV 213,B,0.047619048
RPV 220,C,0.0625
RPV 222,C,0.058823529
RPV 230,A,0.045454545
RPV 231,A,0.043478261
RPV 232,A,0.043478261
RPV 233,A,0.041666667
RPV 234,A,0.04
RPV 235,A,0.045454545
RPV 236,A,0.045454545
RPV 237,A,0.043478261
RPV 238,A,0.041666667
RPV 239,A,0.04
RPV 240,A,0.045454545
RPV 241,A,0.043478261
RPV 242,A,0.041666667
RPV 243,A,0.04
RPV 244,A,0.037037037
RPV 245,B,0.066666667
RPV 246,B,0.058823529
RPV 247,B,0.05
RPV 248,B,0.047619048
RPV 249,B,0.045454545
RPV 250,B,0.055555556
RPV 252,B,0.05
RPV 253,B,0.045454545
RPV 254,B,0.045454545
RPV 255,B,0.066666667
RPV 256,B,0.055555556
RPV 257,B,0.05
RPV 258,B,0.05
RPV 259,B,0.047619048
RPV 260,C,0.066666667
RPV 261,C,0.055555556
RPV 262,C,0.05
RPV 263,C,0.052631579
RPV 266,C,0.052631579
RPV 270,C,0.071428571
RPV 271,C,0.058823529
RPV 272,C,0.05
RPV 273,C,0.05
RPV 280,A,0.043478261
RPV 281,A,0.041666667
RPV 282,A,0.041666667
RPV 285,A,0.05
RPV 286,A,0.05
RPV 290,B,0.066666667
RPV 291,B,0.052631579
RPV 295,B,0.052631579
RPV 296,B,0.047619048
RPV 297,B,0.045454545
RPV 300,B,0.058823529
RPV 301,B,0.055555556
RPV 302,B,0.052631579
RPV 310,C,0.071428571
RPV 311,C,0.076923077
RPV 312,C,0.0625
RPV 315,C,0.066666667
RPV 320,A,0.05
RPV 321,A,0.043478261
RPV 322,A,0.043478261
RPV 323,A,0.043478261
RPV 324,A,0.037037037
RPV 325,A,0.047619048
RPV 326,A,0.045454545
RPV 327,A,0.041666667
RPV 328,A,0.04
RPV 329,A,0.04
RPV 330,A,0.047619048
RPV 332,A,0.04
RPV 333,A,0.037037037
RPV 334,A,0.034482759
RPV 335,B,0.0625
RPV 336,B,0.045454545
RPV 337,B,0.045454545
RPV 338,B,0.043478261
RPV 339,B,0.038461538
RPV 340,B,0.055555556
RPV 341,B,0.047619048
RPV 342,B,0.047619048
RPV 343,B,0.045454545
RPV 344,B,0.041666667
RPV 345,B,0.0625
RPV 346,B,0.052631579
RPV 347,B,0.05
RPV 348,B,0.05
RPV 349,B,0.043478261
RPV 350,C,0.066666667
RPV 351,C,0.058823529
RPV 352,C,0.058823529
RPV 354,C,0.047619048
RPV 356,C,0.058823529
RPV 357,C,0.052631579
RPV 358,C,0.047619048
RPV 360,C,0.066666667
RPV 361,C,0.055555556
RPV 363,C,0.055555556
RPV 365,A,0.05
RPV 366,A,0.043478261
RPV 367,A,0.038461538
RPV 368,A,0.038461538
RPV 369,A,0.038461538
RPV 370,A,0.045454545
RPV 371,A,0.038461538
RPV 372,A,0.04
RPV 373,A,0.038461538
RPV 374,A,0.034482759
RPV 375,A,0.05
RPV 380,B,0.055555556
RPV 381,B,0.055555556
RPV 382,B,0.05
RPV 383,B,0.05
RPV 384,B,0.045454545
RPV 385,B,0.055555556
RPV 386,B,0.052631579
RPV 387,B,0.05
RPV 388,B,0.047619048
RPV 390,B,0.055555556
RPV 391,B,0.055555556
RPV 392,B,0.047619048
RPV 393,B,0.047619048
RPV 394,B,0.047619048
RPV 395,C,0.071428571
RPV 396,C,0.058823529
RPV 397,C,0.058823529
RPV 399,C,0.047619048
RPV 400,C,0.076923077
RPV 401,C,0.058823529
RPV 402,C,0.055555556
RPV 403,C,0.05
RPV 404,C,0.047619048
RPV 405,C,0.066666667
RPV 407,C,0.058823529
RPV 408,C,0.052631579
RPV 410,A,0.05
RPV 411,A,0.047619048
RPV 412,A,0.045454545
RPV 413,A,0.041666667
RPV 415,A,0.05
RPV 416,A,0.043478261
RPV 417,A,0.043478261
RPV 418,A,0.041666667
RPV 419,A,0.038461538
RPV 420,A,0.047619048
RPV 421,A,0.045454545
RPV 422,A,0.041666667
RPV 424,A,0.04
RPV 425,B,0.0625
RPV 427,B,0.052631579
RPV 428,B,0.052631579
RPV 429,B,0.05
RPV 430,B,0.058823529
RPV 431,B,0.052631579
RPV 432,B,0.05
RPV 433,B,0.05
RPV 434,B,0.043478261
RPV 435,B,0.0625
RPV 437,B,0.052631579
RPV 438,B,0.047619048
RPV 439,B,0.045454545
RPV 440,C,0.071428571
RPV 441,C,0.066666667
RPV 442,C,0.055555556
RPV 445,C,0.066666667
RPV 447,C,0.055555556
RPV 449,C,0.047619048
RPV 450,C,0.058823529
RPV 451,C,0.055555556
RPV 455,A,0.043478261
RPV 456,A,0.041666667
RPV 457,A,0.038461538
RPV 458,A,0.038461538
RPV 459,A,0.038461538
RPV 460,A,0.043478261
RPV 461,A,0.041666667
RPV 462,A,0.04
RPV 463,A,0.04
RPV 465,A,0.045454545
RPV 466,A,0.043478261
RPV 467,A,0.041666667
RPV 468,A,0.04
RPV 469,A,0.037037037
RPV 470,B,0.0625
RPV 471,B,0.055555556
RPV 472,B,0.055555556
RPV 473,B,0.052631579
RPV 474,B,0.05
RPV 475,B,0.058823529
RPV 476,B,0.058823529
RPV 477,B,0.055555556
RPV 478,B,0.058823529
RPV 479,B,0.047619048
RPV 480,B,0.0625
RPV 481,B,0.0625
RPV 482,B,0.052631579
RPV 483,B,0.052631579
RPV 485,C,0.066666667
RPV 486,C,0.058823529
RPV 487,C,0.055555556
RPV 488,C,0.052631579
RPV 490,C,0.071428571
RPV 491,C,0.0625
RPV 492,C,0.055555556
RPV 494,C,0.05
RPV 495,C,0.071428571
RPV 496,C,0.0625
RPV 497,C,0.058823529
RPV 499,C,0.045454545
RPV 500,A,0.045454545
RPV 501,A,0.043478261
RPV 502,A,0.043478261
RPV 503,A,0.041666667
RPV 505,A,0.041666667
RPV 506,A,0.04
RPV 510,A,0.04
RPV 515,B,0.0625
RPV 516,B,0.05
RPV 517,B,0.047619048
RPV 518,B,0.05
RPV 520,B,0.058823529
RPV 521,B,0.052631579
RPV 522,B,0.05
RPV 525,B,0.052631579
RPV 526,B,0.05
RPV 530,C,0.071428571
RPV 531,C,0.0625
RPV 532,C,0.055555556
RPV 533,C,0.052631579
RPV 534,C,0.043478261
RPV 535,C,0.071428571
RPV 536,C,0.055555556
RPV 538,C,0.052631579
RPV 540,C,0.066666667
RPV 542,C,0.055555556
RPV 543,C,0.052631579
RPV 545,A,0.047619048
RPV 546,A,0.045454545
RPV 547,A,0.043478261
RPV 549,A,0.038461538
RPV 550,A,0.05
RPV 551,A,0.047619048
RPV 552,A,0.047619048
RPV 555,A,0.05
RPV 556,A,0.05
RPV 557,A,0.043478261
RPV 560,B,0.0625
RPV 561,B,0.058823529
RPV 562,B,0.055555556
RPV 565,B,0.0625
RPV 566,B,0.058823529
RPV 567,B,0.0625
RPV 568,B,0.058823529
RPV 570,B,0.055555556
RPV 571,B,0.052631579
RPV 572,B,0.047619048
RPV 573,B,0.047619048
RPV 574,B,0.045454545
RPV 576,C,0.058823529
RPV 577,C,0.055555556
RPV 578,C,0.052631579
RPV 579,C,0.052631579
RPV 580,C,0.071428571
RPV 582,C,0.0625
RPV 585,C,0.083333333
RPV 587,C,0.058823529
RPV 590,A,0.05
RPV 591,A,0.047619048
RPV 592,A,0.045454545
RPV 593,A,0.041666667
RPV 594,A,0.04
RPV 595,A,0.047619048
RPV 596,A,0.045454545
RPV 597,A,0.045454545
RPV 598,A,0.038461538
RPV 600,A,0.05
RPV 601,A,0.047619048
RPV 602,A,0.041666667
RPV 603,A,0.041666667
RPV 604,A,0.041666667
RPV 605,B,0.058823529
RPV 606,B,0.055555556
RPV 607,B,0.052631579
RPV 608,B,0.047619048
RPV 610,B,0.058823529
RPV 611,B,0.052631579
RPV 612,B,0.05
RPV 613,B,0.047619048
RPV 614,B,0.045454545
RPV 615,B,0.0625
RPV 616,B,0.058823529
RPV 617,B,0.055555556
RPV 618,B,0.045454545
RPV 619,B,0.045454545
RPV 620,C,0.066666667
RPV 621,C,0.066666667
RPV 622,C,0.058823529
RPV 623,C,0.058823529
RPV 624,C,0.055555556
RPV 625,C,0.071428571
RPV 626,C,0.0625
RPV 627,C,0.055555556
RPV 628,C,0.052631579
RPV 629,C,0.05
RPV 630,C,0.071428571
RPV 631,C,0.066666667
RPV 632,C,0.058823529
RPV 633,C,0.055555556
RPV 635,A,0.045454545
RPV 636,A,0.045454545
RPV 637,A,0.045454545
RPV 638,A,0.041666667
RPV 639,A,0.04
RPV 640,A,0.045454545
RPV 641,A,0.045454545
RPV 642,A,0.043478261
RPV 643,A,0.04
RPV 644,A,0.038461538
RPV 645,A,0.047619048
RPV 646,A,0.045454545
RPV 647,A,0.043478261
RPV 648,A,0.037037037
RPV 649,A,0.037037037
RPV 650,B,0.058823529
RPV 651,B,0.058823529
RPV 652,B,0.052631579
RPV 653,B,0.05
RPV 654,B,0.05
RPV 655,B,0.058823529
RPV 656,B,0.0625
RPV 657,B,0.055555556
RPV 658,B,0.052631579
RPV 660,B,0.066666667
RPV 661,B,0.055555556
RPV 662,B,0.052631579
RPV 663,B,0.052631579
RPV 664,B,0.05
RPV 665,C,0.071428571
RPV 666,C,0.066666667
RPV 668,C,0.055555556
RPV 669,C,0.055555556
RPV 670,C,0.066666667
RPV 671,C,0.055555556
RPV 672,C,0.052631579
RPV 675,C,0.066666667
RPV 676,C,0.058823529
RPV 677,C,0.058823529
RPV 679,C,0.052631579
RPV 680,A,0.047619048
RPV 681,A,0.047619048
RPV 682,A,0.043478261
RPV 683,A,0.041666667
RPV 684,A,0.037037037
RPV 685,A,0.047619048
RPV 686,A,0.047619048
RPV 687,A,0.04
RPV 688,A,0.04
RPV 689,A,0.04
RPV 690,A,0.047619048
RPV 691,A,0.045454545
RPV 692,A,0.045454545
RPV 693,A,0.04
RPV 694,A,0.037037037
RPV 695,B,0.058823529
RPV 696,B,0.058823529
RPV 697,B,0.058823529
RPV 698,B,0.058823529
RPV 699,B,0.055555556
RPV 700,B,0.058823529
RPV 701,B,0.055555556
RPV 702,B,0.055555556
RPV 703,B,0.05
RPV 705,B,0.058823529
RPV 706,B,0.0625
RPV 707,B,0.058823529
RPV 708,B,0.05
RPV 709,B,0.047619048
RPV 710,C,0.083333333
RPV 711,C,0.071428571
RPV 712,C,0.066666667
RPV 713,C,0.066666667
RPV 714,C,0.0625
RPV 715,C,0.083333333
RPV 716,C,0.071428571
RPV 717,C,0.066666667
RPV 718,C,0.0625
RPV 719,C,0.058823529
RPV 720,C,0.071428571
RPV 721,C,0.066666667
RPV 722,C,0.066666667
RPV 723,C,0.0625
RPV 724,C,0.058823529
RPV 725,A,0.05
RPV 726,A,0.047619048
RPV 727,A,0.047619048
RPV 728,A,0.041666667
RPV 729,A,0.038461538
RPV 730,A,0.047619048
RPV 731,A,0.043478261
RPV 732,A,0.043478261
RPV 733,A,0.041666667
RPV 734,A,0.038461538
RPV 735,A,0.05
RPV 736,A,0.047619048
RPV 737,A,0.045454545
RPV 738,A,0.041666667
RPV 739,A,0.041666667
RPV 740,B,0.071428571
RPV 741,B,0.0625
RPV 742,B,0.058823529
RPV 743,B,0.055555556
RPV 744,B,0.05
RPV 745,B,0.0625
RPV 746,B,0.055555556
RPV 747,B,0.052631579
RPV 748,B,0.045454545
RPV 750,B,0.066666667
RPV 751,B,0.066666667
RPV 752,B,0.058823529
RPV 753,B,0.055555556
RPV 754,B,0.052631579
RPV 755,C,0.0625
RPV 760,C,0.071428571
RPV 761,C,0.071428571
RPV 762,C,0.0625
RPV 763,C,0.058823529
RPV 764,C,0.055555556
RPV 766,C,0.071428571
RPV 767,C,0.058823529
RPV 768,C,0.052631579
RMO 046,A,0.052631579
RMO 047,A,0.041666667
RMO 048,A,0.043478261
RMO 049,A,0.035714286
RMO 051,A,0.05
RMO 052,A,0.045454545
RMO 053,A,0.038461538
RMO 054,A,0.034482759
RMO 056,A,0.04
RMO 057,A,0.041666667
RMO 058,A,0.041666667
RMO 059,A,0.03030303
RMO 061,B,0.066666667
RMO 062,B,0.066666667
RMO 063,B,0.055555556
RMO 066,B,0.0625
RMO 067,B,0.058823529
RMO 068,B,0.05
RMO 069,B,0.047619048
RMO 071,B,0.0625
RMO 072,B,0.0625
RMO 073,B,0.055555556
RMO 074,B,0.052631579
RMO 075,B,0.041666667
RMO 077,C,0.0625
RMO 078,C,0.066666667
RMO 079,C,0.052631579
RMO 080,C,0.052631579
RMO 082,C,0.0625
RMO 083,C,0.0625
RMO 084,C,0.055555556
RMO 085,C,0.052631579
RMO 086,C,0.066666667
RMO 087,C,0.058823529
RMO 088,C,0.058823529
RMO 091,A,0.047619048
RMO 092,A,0.045454545
RMO 093,A,0.041666667
RMO 094,A,0.038461538
RMO 096,A,0.045454545
RMO 097,A,0.045454545
RMO 098,A,0.04
RMO 099,A,0.035714286
RMO 101,A,0.045454545
RMO 102,A,0.045454545
RMO 103,A,0.043478261
RMO 104,A,0.04
RMO 105,A,0.038461538
RMO 106,B,0.0625
RMO 107,B,0.058823529
RMO 108,B,0.0625
RMO 109,B,0.052631579
RMO 111,B,0.055555556
RMO 112,B,0.055555556
RMO 113,B,0.05
RMO 114,B,0.047619048
RMO 116,B,0.066666667
RMO 117,B,0.052631579
RMO 118,B,0.052631579
RMO 119,B,0.047619048
RMO 120,B,0.045454545
RMO 121,C,0.076923077
RMO 122,C,0.071428571
RMO 123,C,0.0625
RMO 124,C,0.058823529
RMO 126,C,0.071428571
RMO 128,C,0.058823529
RMO 129,C,0.055555556
RMO 132,C,0.066666667
RMO 133,C,0.058823529
RMO 134,C,0.052631579
RMO 141,A,0.045454545
RMO 142,A,0.043478261
RMO 146,A,0.043478261
RMO 147,A,0.043478261
RMO 148,A,0.041666667
RMO 149,A,0.038461538
RMO 150,A,0.033333333
RMO 151,B,0.052631579
RMO 156,B,0.0625
RMO 157,B,0.058823529
RMO 158,B,0.055555556
RMO 161,B,0.052631579
RMO 162,B,0.052631579
RMO 163,B,0.043478261
RMO 166,C,0.071428571
RMO 168,C,0.058823529
RMO 169,C,0.052631579
RMO 171,C,0.071428571
RMO 172,C,0.058823529
RMO 176,C,0.090909091
RMO 177,C,0.066666667
RMO 178,C,0.0625
RMO 181,A,0.047619048
RMO 182,A,0.045454545
RMO 183,A,0.038461538
RMO 184,A,0.037037037
RMO 185,A,0.035714286
RMO 186,A,0.045454545
RMO 187,A,0.04
RMO 188,A,0.038461538
RMO 189,A,0.035714286
RMO 191,A,0.043478261
RMO 192,A,0.041666667
RMO 193,A,0.041666667
RMO 194,A,0.04
RMO 195,A,0.037037037
RMO 196,B,0.058823529
RMO 197,B,0.055555556
RMO 198,B,0.05
RMO 199,B,0.047619048
RMO 200,B,0.045454545
RMO 201,B,0.0625
RMO 203,B,0.05
RMO 204,B,0.05
RMO 205,B,0.047619048
RMO 206,B,0.066666667
RMO 207,B,0.052631579
RMO 208,B,0.047619048
RMO 209,B,0.045454545
RMO 211,C,0.076923077
RMO 212,C,0.0625
RMO 213,C,0.058823529
RMO 214,C,0.05
RMO 215,C,0.05
RMO 216,C,0.066666667
RMO 217,C,0.058823529
RMO 218,C,0.055555556
RMO 219,C,0.052631579
RMO 220,C,0.047619048
RMO 221,C,0.0625
RMO 222,C,0.058823529
RMO 223,C,0.055555556
RMO 224,C,0.055555556
RMO 225,C,0.047619048
RMO 226,A,0.05
RMO 227,A,0.045454545
RMO 228,A,0.041666667
RMO 229,A,0.038461538
RMO 230,A,0.038461538
RMO 231,A,0.047619048
RMO 232,A,0.041666667
RMO 233,A,0.041666667
RMO 234,A,0.035714286
RMO 235,A,0.035714286
RMO 236,A,0.05
RMO 237,A,0.045454545
RMO 238,A,0.04
RMO 239,A,0.037037037
RMO 240,A,0.029411765
RMO 241,B,0.0625
RMO 243,B,0.055555556
RMO 244,B,0.05
RMO 245,B,0.043478261
RMO 246,B,0.066666667
RMO 247,B,0.058823529
RMO 248,B,0.052631579
RMO 249,B,0.05
RMO 250,B,0.043478261
RMO 251,B,0.066666667
RMO 252,B,0.055555556
RMO 253,B,0.052631579
RMO 254,B,0.047619048
RMO 255,B,0.043478261
RMO 256,C,0.083333333
RMO 257,C,0.066666667
RMO 258,C,0.0625
RMO 259,C,0.055555556
RMO 260,C,0.055555556
RMO 261,C,0.083333333
RMO 262,C,0.076923077
RMO 263,C,0.0625
RMO 264,C,0.052631579
RMO 266,C,0.071428571
RMO 267,C,0.066666667
RMO 268,C,0.058823529
RMO 269,C,0.055555556
RMO 270,C,0.05
RMO 271,A,0.045454545
RMO 272,A,0.043478261
RMO 273,A,0.043478261
RMO 274,A,0.038461538
RMO 275,A,0.037037037
RMO 276,A,0.045454545
RMO 277,A,0.043478261
RMO 278,A,0.041666667
RMO 279,A,0.041666667
RMO 280,A,0.037037037
RMO 281,A,0.045454545
RMO 282,A,0.045454545
RMO 283,A,0.038461538
RMO 284,A,0.038461538
RMO 285,A,0.037037037
RMO 286,B,0.058823529
RMO 287,B,0.058823529
RMO 288,B,0.052631579
RMO 289,B,0.052631579
RMO 290,B,0.05
RMO 291,B,0.055555556
RMO 292,B,0.055555556
RMO 293,B,0.052631579
RMO 294,B,0.052631579
RMO 295,B,0.05
RMO 296,B,0.058823529
RMO 297,B,0.055555556
RMO 298,B,0.055555556
RMO 299,B,0.055555556
RMO 300,B,0.05
RMO 301,C,0.076923077
RMO 303,C,0.055555556
RMO 304,C,0.055555556
RMO 307,C,0.0625
RMO 308,C,0.058823529
RMO 309,C,0.055555556
RMO 310,C,0.05
RMO 311,C,0.076923077
RMO 312,C,0.0625
RMO 313,C,0.0625
RMO 314,C,0.055555556
RMO 316,A,0.043478261
RMO 318,A,0.038461538
RMO 319,A,0.038461538
RMO 321,A,0.045454545
RMO 322,A,0.045454545
RMO 323,A,0.04
RMO 324,A,0.04
RMO 326,A,0.041666667
RMO 327,A,0.043478261
RMO 328,A,0.04
RMO 329,A,0.038461538
RMO 330,A,0.034482759
RMO 331,B,0.055555556
RMO 332,B,0.052631579
RMO 333,B,0.05
RMO 334,B,0.045454545
RMO 335,B,0.041666667
RMO 336,B,0.055555556
RMO 337,B,0.05
RMO 338,B,0.047619048
RMO 340,B,0.041666667
RMO 341,B,0.055555556
RMO 342,B,0.05
RMO 343,B,0.043478261
RMO 344,B,0.041666667
RMO 345,B,0.041666667
RMO 346,C,0.076923077
RMO 347,C,0.055555556
RMO 348,C,0.052631579
RMO 349,C,0.055555556
RMO 351,C,0.066666667
RMO 352,C,0.058823529
RMO 353,C,0.045454545
RMO 354,C,0.05
RMO 356,C,0.071428571
RMO 357,C,0.055555556
RMO 358,C,0.05
RMO 361,A,0.047619048
RMO 362,A,0.047619048
RMO 363,A,0.043478261
RMO 364,A,0.04
RMO 366,A,0.047619048
RMO 367,A,0.041666667
RMO 368,A,0.04
RMO 369,A,0.04
RMO 370,A,0.038461538
RMO 371,A,0.045454545
RMO 372,A,0.043478261
RMO 373,A,0.04
RMO 374,A,0.034482759
RMO 376,B,0.0625
RMO 378,B,0.052631579
RMO 379,B,0.045454545
RMO 381,B,0.058823529
RMO 382,B,0.055555556
RMO 383,B,0.05
RMO 384,B,0.05
RMO 385,B,0.041666667
RMO 386,B,0.0625
RMO 387,B,0.055555556
RMO 388,B,0.047619048
RMO 389,B,0.038461538
RMO 390,B,0.038461538
RMO 391,C,0.055555556
RMO 392,C,0.05
RMO 396,C,0.066666667
RMO 397,C,0.066666667
RMO 398,C,0.058823529
RMO 399,C,0.047619048
RMO 401,C,0.083333333
RMO 402,C,0.066666667
RMO 403,C,0.058823529
RMO 404,C,0.055555556
RMO 406,A,0.043478261
RMO 407,A,0.041666667
RMO 408,A,0.041666667
RMO 409,A,0.04
RMO 410,A,0.034482759
RMO 411,A,0.045454545
RMO 413,A,0.037037037
RMO 414,A,0.035714286
RMO 415,A,0.033333333
RMO 417,A,0.043478261
RMO 418,A,0.041666667
RMO 419,A,0.038461538
RMO 420,A,0.035714286
RMO 421,B,0.071428571
RMO 423,B,0.0625
RMO 424,B,0.055555556
RMO 425,B,0.052631579
RMO 426,B,0.058823529
RMO 427,B,0.052631579
RMO 428,B,0.047619048
RMO 429,B,0.047619048
RMO 431,B,0.052631579
RMO 432,B,0.05
RMO 433,B,0.047619048
RMO 434,B,0.045454545
RMO 439,C,0.071428571
RMO 441,C,0.076923077
RMO 442,C,0.066666667
RMO 443,C,0.066666667
RMO 447,C,0.066666667
RMO 448,C,0.0625
RMO 449,C,0.058823529
RMO 451,A,0.045454545
RMO 452,A,0.043478261
RMO 453,A,0.043478261
RMO 454,A,0.041666667
RMO 455,A,0.038461538
RMO 456,A,0.043478261
RMO 457,A,0.043478261
RMO 458,A,0.043478261
RMO 459,A,0.04
RMO 460,A,0.04
RMO 461,A,0.045454545
RMO 464,A,0.037037037
RMO 465,A,0.035714286
RMO 466,B,0.058823529
RMO 467,B,0.055555556
RMO 469,B,0.045454545
RMO 470,B,0.041666667
RMO 471,B,0.052631579
RMO 472,B,0.047619048
RMO 473,B,0.05
RMO 474,B,0.05
RMO 475,B,0.047619048
RMO 476,B,0.055555556
RMO 477,B,0.05
RMO 478,B,0.05
RMO 479,B,0.047619048
RMO 480,B,0.045454545
RMO 481,C,0.076923077
RMO 482,C,0.076923077
RMO 483,C,0.0625
RMO 484,C,0.0625
RMO 485,C,0.055555556
RMO 486,C,0.071428571
RMO 487,C,0.071428571
RMO 489,C,0.058823529
RMO 490,C,0.055555556
RMO 491,C,0.076923077
RMO 492,C,0.071428571
RMO 494,C,0.055555556
RMO 495,C,0.05
RMO 496,A,0.041666667
RMO 497,A,0.041666667
RMO 498,A,0.04
RMO 499,A,0.037037037
RMO 500,A,0.035714286
RMO 501,A,0.04
RMO 503,A,0.04
RMO 504,A,0.04
RMO 505,A,0.038461538
RMO 506,A,0.045454545
RMO 507,A,0.045454545
RMO 508,A,0.043478261
RMO 509,A,0.043478261
RMO 510,A,0.038461538
RMO 511,B,0.055555556
RMO 512,B,0.055555556
RMO 513,B,0.052631579
RMO 514,B,0.047619048
RMO 515,B,0.047619048
RMO 516,B,0.052631579
RMO 517,B,0.052631579
RMO 518,B,0.05
RMO 519,B,0.05
RMO 520,B,0.045454545
RMO 521,B,0.058823529
RMO 522,B,0.055555556
RMO 523,B,0.05
RMO 524,B,0.047619048
RMO 525,B,0.043478261
RMO 528,C,0.055555556
RMO 531,C,0.0625
RMO 533,C,0.05
RMO 534,C,0.045454545
RMO 535,C,0.043478261
RMO 536,C,0.0625
RMO 537,C,0.052631579
RMO 538,C,0.052631579
RMO 539,C,0.052631579
RMO 541,A,0.041666667
RMO 542,A,0.041666667
RMO 543,A,0.04
RMO 544,A,0.04
RMO 545,A,0.038461538
RMO 546,A,0.045454545
RMO 547,A,0.04
RMO 548,A,0.04
RMO 549,A,0.034482759
RMO 551,A,0.041666667
RMO 553,A,0.04
RMO 554,A,0.035714286
RMO 556,B,0.0625
RMO 557,B,0.052631579
RMO 558,B,0.052631579
RMO 559,B,0.055555556
RMO 560,B,0.05
RMO 561,B,0.071428571
RMO 562,B,0.066666667
RMO 566,B,0.066666667
RMO 567,B,0.052631579
RMO 568,B,0.052631579
RMO 569,B,0.045454545
RMO 570,B,0.043478261
RMO 571,C,0.076923077
RMO 573,C,0.05
RMO 576,C,0.0625
RMO 577,C,0.0625
RMO 578,C,0.047619048
RMO 579,C,0.047619048
RMO 581,C,0.055555556
RMO 582,C,0.055555556
RMO 586,A,0.047619048
RMO 587,A,0.047619048
RMO 588,A,0.043478261
RMO 590,A,0.041666667
RMO 591,A,0.045454545
RMO 592,A,0.043478261
RMO 593,A,0.041666667
RMO 594,A,0.041666667
RMO 595,A,0.037037037
RMO 596,A,0.045454545
RMO 597,A,0.041666667
RMO 598,A,0.041666667
RMO 599,A,0.04
RMO 600,A,0.038461538
RMO 601,B,0.058823529
RMO 602,B,0.058823529
RMO 603,B,0.058823529
RMO 604,B,0.055555556
RMO 605,B,0.047619048
RMO 606,B,0.055555556
RMO 607,B,0.055555556
RMO 608,B,0.055555556
RMO 609,B,0.05
RMO 610,B,0.045454545
RMO 611,B,0.058823529
RMO 612,B,0.058823529
RMO 613,B,0.055555556
RMO 614,B,0.052631579
RMO 615,B,0.055555556
RMO 616,C,0.083333333
RMO 617,C,0.066666667
RMO 618,C,0.0625
RMO 619,C,0.058823529
RMO 620,C,0.047619048
RMO 621,C,0.058823529
RMO 622,C,0.058823529
RMO 623,C,0.058823529
RMO 624,C,0.052631579
RMO 625,C,0.052631579
RMO 626,C,0.066666667
RMO 627,C,0.066666667
RMO 628,C,0.058823529
RMO 629,C,0.052631579
RMO 631,A,0.041666667
RMO 632,A,0.04
RMO 633,A,0.04
RMO 634,A,0.038461538
RMO 635,A,0.035714286
RMO 636,A,0.047619048
RMO 637,A,0.041666667
RMO 638,A,0.041666667
RMO 639,A,0.035714286
RMO 640,A,0.035714286
RMO 641,A,0.047619048
RMO 642,A,0.041666667
RMO 644,A,0.038461538
RMO 646,B,0.055555556
RMO 647,B,0.055555556
RMO 648,B,0.055555556
RMO 649,B,0.05
RMO 651,B,0.058823529
RMO 652,B,0.055555556
RMO 653,B,0.052631579
RMO 654,B,0.047619048
RMO 655,B,0.041666667
RMO 656,B,0.052631579
RMO 657,B,0.052631579
RMO 658,B,0.05
RMO 659,B,0.045454545
RMO 660,B,0.043478261
RMO 661,C,0.066666667
RMO 662,C,0.055555556
RMO 663,C,0.043478261
RMO 666,C,0.071428571
RMO 668,C,0.055555556
RMO 669,C,0.052631579
RMO 671,C,0.071428571
RMO 672,C,0.0625
RMO 673,C,0.055555556
RMO 674,C,0.052631579
RMO 676,A,0.047619048
RMO 677,A,0.045454545
RMO 678,A,0.043478261
RMO 681,A,0.043478261
RMO 682,A,0.04
RMO 683,A,0.038461538
RMO 684,A,0.038461538
RMO 685,A,0.037037037
RMO 686,A,0.045454545
RMO 687,A,0.045454545
RMO 688,A,0.043478261
RMO 689,A,0.038461538
RMO 691,B,0.0625
RMO 692,B,0.052631579
RMO 693,B,0.052631579
RMO 694,B,0.05
RMO 695,B,0.045454545
RMO 696,B,0.0625
RMO 697,B,0.055555556
RMO 698,B,0.055555556
RMO 699,B,0.047619048
RMO 700,B,0.04
RMO 701,B,0.0625
RMO 702,B,0.058823529
RMO 703,B,0.055555556
RMO 704,B,0.05
RMO 706,C,0.0625
RMO 707,C,0.058823529
RMO 708,C,0.058823529
RMO 709,C,0.052631579
RMO 711,C,0.066666667
RMO 712,C,0.058823529
RMO 713,C,0.045454545
RMO 716,C,0.0625
RMO 717,C,0.058823529
RMO 719,C,0.05
SJU 014,A,0.037037037
SJU 015,A,0.038461538
SJU 016,A,0.035714286
SJU 017,A,0.034482759
SJU 018,A,0.034482759
SJU 019,A,0.041666667
SJU 020,A,0.038461538
SJU 021,A,0.035714286
SJU 022,A,0.034482759
SJU 023,A,0.033333333
SJU 024,A,0.041666667
SJU 025,A,0.038461538
SJU 026,A,0.037037037
SJU 027,A,0.035714286
SJU 028,A,0.035714286
SJU 029,B,0.058823529
SJU 030,B,0.047619048
SJU 031,B,0.045454545
SJU 032,B,0.04
SJU 033,B,0.04
SJU 034,B,0.047619048
SJU 035,B,0.045454545
SJU 036,B,0.043478261
SJU 037,B,0.043478261
SJU 038,B,0.038461538
SJU 039,B,0.05
SJU 040,B,0.043478261
SJU 041,B,0.041666667
SJU 050,C,0.05
SJU 051,C,0.052631579
SJU 055,C,0.038461538
SJU 059,A,0.038461538
SJU 060,A,0.037037037
SJU 061,A,0.034482759
SJU 062,A,0.032258065
SJU 065,A,0.037037037
SJU 066,A,0.035714286
SJU 067,A,0.035714286
SJU 068,A,0.035714286
SJU 069,A,0.043478261
SJU 070,A,0.04
SJU 071,A,0.038461538
SJU 072,A,0.034482759
SJU 074,B,0.0625
SJU 075,B,0.052631579
SJU 076,B,0.047619048
SJU 077,B,0.045454545
SJU 078,B,0.045454545
SJU 079,B,0.0625
SJU 080,B,0.045454545
SJU 081,B,0.047619048
SJU 083,B,0.045454545
SJU 084,B,0.052631579
SJU 086,B,0.043478261
SJU 104,A,0.041666667
SJU 105,A,0.041666667
SJU 106,A,0.038461538
SJU 107,A,0.034482759
SJU 108,A,0.033333333
SJU 109,A,0.043478261
SJU 110,A,0.037037037
SJU 111,A,0.034482759
SJU 112,A,0.033333333
SJU 115,A,0.04
SJU 116,A,0.038461538
SJU 117,A,0.037037037
SJU 119,B,0.0625
SJU 120,B,0.055555556
SJU 121,B,0.05
SJU 122,B,0.045454545
SJU 123,B,0.043478261
SJU 124,B,0.055555556
SJU 125,B,0.055555556
SJU 126,B,0.05
SJU 127,B,0.045454545
SJU 128,B,0.043478261
SJU 129,B,0.058823529
SJU 130,B,0.05
SJU 131,B,0.05
SJU 132,B,0.045454545
SJU 133,B,0.043478261
SJU 135,C,0.055555556
SJU 136,C,0.05
SJU 137,C,0.047619048
SJU 139,C,0.071428571
SJU 149,A,0.041666667
SJU 150,A,0.041666667
SJU 151,A,0.041666667
SJU 152,A,0.038461538
SJU 154,A,0.041666667
SJU 155,A,0.037037037
SJU 156,A,0.037037037
SJU 157,A,0.035714286
SJU 158,A,0.033333333
SJU 159,A,0.038461538
SJU 160,A,0.037037037
SJU 161,A,0.037037037
SJU 162,A,0.037037037
SJU 163,A,0.037037037
SJU 166,B,0.037037037
SJU 169,B,0.052631579
SJU 170,B,0.047619048
SJU 172,B,0.041666667
SJU 174,B,0.05
SJU 176,B,0.045454545
SJU 184,C,0.076923077
SJU 185,C,0.066666667
SJU 189,C,0.066666667
SJU 190,C,0.05
SJU 194,A,0.041666667
SJU 195,A,0.04
SJU 196,A,0.04
SJU 197,A,0.034482759
SJU 198,A,0.034482759
SJU 200,A,0.038461538
SJU 201,A,0.038461538
SJU 202,A,0.037037037
SJU 204,A,0.04
SJU 205,A,0.037037037
SJU 206,A,0.035714286
SJU 207,A,0.035714286
SJU 208,A,0.032258065
SJU 209,B,0.055555556
SJU 210,B,0.047619048
SJU 211,B,0.045454545
SJU 212,B,0.043478261
SJU 213,B,0.041666667
SJU 214,B,0.052631579
SJU 215,B,0.05
SJU 216,B,0.047619048
SJU 217,B,0.045454545
SJU 218,B,0.041666667
SJU 219,B,0.066666667
SJU 220,B,0.055555556
SJU 221,B,0.047619048
SJU 222,B,0.041666667
SJU 223,B,0.041666667
SJU 225,C,0.05
SJU 227,C,0.045454545
SJU 229,C,0.047619048
SJU 234,C,0.066666667
SJU 235,C,0.055555556
SJU 239,A,0.041666667
SJU 240,A,0.038461538
SJU 241,A,0.038461538
SJU 242,A,0.034482759
SJU 243,A,0.03125
SJU 244,A,0.04
SJU 245,A,0.037037037
SJU 246,A,0.037037037
SJU 247,A,0.034482759
SJU 250,A,0.038461538
SJU 251,A,0.037037037
SJU 252,A,0.034482759
SJU 253,A,0.03125
SJU 254,B,0.0625
SJU 255,B,0.052631579
SJU 256,B,0.045454545
SJU 257,B,0.038461538
SJU 258,B,0.037037037
SJU 259,B,0.066666667
SJU 260,B,0.055555556
SJU 261,B,0.05
SJU 262,B,0.045454545
SJU 263,B,0.041666667
SJU 264,B,0.058823529
SJU 265,B,0.052631579
SJU 266,B,0.043478261
SJU 267,B,0.038461538
SJU 269,C,0.066666667
SJU 270,C,0.066666667
SJU 271,C,0.055555556
SJU 279,C,0.052631579
SJU 284,A,0.041666667
SJU 285,A,0.04
SJU 289,A,0.047619048
SJU 290,A,0.04
SJU 291,A,0.034482759
SJU 292,A,0.026315789
SJU 294,B,0.052631579
SJU 295,B,0.047619048
SJU 296,B,0.038461538
SJU 297,B,0.038461538
SJU 300,B,0.041666667
SJU 302,B,0.038461538
SJU 303,B,0.035714286
SJU 304,C,0.076923077
SJU 305,C,0.076923077
SJU 309,C,0.0625
SJU 310,C,0.041666667
SJU 314,C,0.083333333
SJU 315,C,0.055555556
SJU 317,C,0.045454545
SJU 319,A,0.04
SJU 320,A,0.038461538
SJU 321,A,0.038461538
SJU 322,A,0.035714286
SJU 323,A,0.033333333
SJU 324,A,0.041666667
SJU 325,A,0.043478261
SJU 326,A,0.038461538
SJU 327,A,0.034482759
SJU 328,A,0.034482759
SJU 329,A,0.041666667
SJU 334,B,0.0625
SJU 336,B,0.05
SJU 337,B,0.045454545
SJU 339,B,0.052631579
SJU 341,B,0.045454545
SJU 344,B,0.05
SJU 346,B,0.045454545
SJU 347,B,0.045454545
SJU 348,B,0.045454545
SJU 364,A,0.041666667
SJU 365,A,0.041666667
SJU 366,A,0.035714286
SJU 370,A,0.04
SJU 371,A,0.04
SJU 372,A,0.038461538
SJU 373,A,0.038461538
SJU 374,A,0.043478261
SJU 375,A,0.041666667
SJU 376,A,0.04
SJU 379,B,0.05
SJU 381,B,0.045454545
SJU 383,B,0.041666667
SJU 384,B,0.052631579
SJU 385,B,0.045454545
SJU 386,B,0.043478261
SJU 387,B,0.043478261
SJU 389,B,0.05
SJU 390,B,0.047619048
SJU 391,B,0.047619048
SJU 392,B,0.045454545
SJU 393,B,0.041666667
SJU 395,C,0.058823529
SJU 397,C,0.052631579
SJU 409,A,0.043478261
SJU 410,A,0.038461538
SJU 411,A,0.034482759
SJU 412,A,0.033333333
SJU 413,A,0.033333333
SJU 414,A,0.041666667
SJU 415,A,0.041666667
SJU 416,A,0.038461538
SJU 417,A,0.035714286
SJU 419,A,0.041666667
SJU 420,A,0.038461538
SJU 421,A,0.037037037
SJU 422,A,0.033333333
SJU 423,A,0.032258065
SJU 424,B,0.0625
SJU 425,B,0.052631579
SJU 426,B,0.047619048
SJU 427,B,0.043478261
SJU 429,B,0.047619048
SJU 431,B,0.041666667
SJU 432,B,0.04
SJU 434,B,0.052631579
SJU 435,B,0.047619048
SJU 436,B,0.047619048
SJU 438,B,0.041666667
SJU 439,C,0.055555556
SJU 440,C,0.04
SJU 444,C,0.055555556
SJU 454,A,0.043478261
SJU 455,A,0.038461538
SJU 456,A,0.034482759
SJU 457,A,0.033333333
SJU 459,A,0.043478261
SJU 460,A,0.038461538
SJU 461,A,0.03125
SJU 464,A,0.043478261
SJU 465,A,0.038461538
SJU 469,B,0.052631579
SJU 470,B,0.05
SJU 472,B,0.043478261
SJU 473,B,0.043478261
SJU 475,B,0.045454545
SJU 476,B,0.045454545
SJU 479,B,0.058823529
SJU 480,B,0.055555556
SJU 481,B,0.05
SJU 482,B,0.05
SJU 485,C,0.058823529
TLC 104,A,0.052631579
TLC 105,A,0.05
TLC 106,A,0.045454545
TLC 109,A,0.047619048
TLC 110,A,0.045454545
TLC 111,A,0.045454545
TLC 112,A,0.043478261
TLC 113,A,0.041666667
TLC 114,A,0.043478261
TLC 116,A,0.043478261
TLC 119,B,0.052631579
TLC 120,B,0.05
TLC 121,B,0.05
TLC 124,B,0.052631579
TLC 125,B,0.047619048
TLC 126,B,0.05
TLC 129,B,0.052631579
TLC 130,B,0.045454545
TLC 131,B,0.043478261
TLC 132,B,0.041666667
TLC 134,C,0.076923077
TLC 135,C,0.058823529
TLC 136,C,0.055555556
TLC 137,C,0.055555556
TLC 139,C,0.058823529
TLC 144,C,0.058823529
TLC 145,C,0.05
TLC 146,C,0.041666667
TLC 149,A,0.052631579
TLC 150,A,0.043478261
TLC 151,A,0.038461538
TLC 154,A,0.047619048
TLC 155,A,0.05
TLC 156,A,0.045454545
TLC 157,A,0.045454545
TLC 159,A,0.043478261
TLC 160,A,0.043478261
TLC 161,A,0.043478261
TLC 162,A,0.038461538
TLC 163,A,0.037037037
TLC 164,B,0.058823529
TLC 165,B,0.05
TLC 166,B,0.045454545
TLC 175,B,0.052631579
TLC 176,B,0.05
TLC 177,B,0.043478261
TLC 178,B,0.041666667
TLC 179,C,0.066666667
TLC 180,C,0.058823529
TLC 184,C,0.071428571
TLC 185,C,0.055555556
TLC 186,C,0.05
TLC 187,C,0.047619048
TLC 188,C,0.05
TLC 189,C,0.05
TLC 190,C,0.047619048
TLC 194,A,0.043478261
TLC 195,A,0.04
TLC 196,A,0.038461538
TLC 197,A,0.038461538
TLC 198,A,0.037037037
TLC 204,A,0.045454545
TLC 205,A,0.04
TLC 206,A,0.038461538
TLC 207,A,0.038461538
TLC 209,B,0.05
TLC 210,B,0.05
TLC 211,B,0.047619048
TLC 214,B,0.05
TLC 215,B,0.047619048
TLC 216,B,0.045454545
TLC 217,B,0.043478261
TLC 218,B,0.041666667
TLC 219,B,0.045454545
TLC 224,C,0.055555556
TLC 225,C,0.047619048
TLC 226,C,0.045454545
TLC 229,C,0.0625
TLC 230,C,0.0625
TLC 231,C,0.05
TLC 234,C,0.058823529
TLC 236,C,0.05
TLC 237,C,0.047619048
TLC 239,A,0.05
TLC 240,A,0.047619048
TLC 241,A,0.05
TLC 242,A,0.043478261
TLC 243,A,0.041666667
TLC 244,A,0.047619048
TLC 245,A,0.047619048
TLC 247,A,0.043478261
TLC 248,A,0.037037037
TLC 249,A,0.045454545
TLC 250,A,0.04
TLC 251,A,0.038461538
TLC 252,A,0.038461538
TLC 253,A,0.037037037
TLC 254,B,0.052631579
TLC 255,B,0.05
TLC 256,B,0.047619048
TLC 257,B,0.047619048
TLC 259,B,0.052631579
TLC 260,B,0.05
TLC 261,B,0.05
TLC 262,B,0.045454545
TLC 264,B,0.045454545
TLC 265,B,0.045454545
TLC 266,B,0.041666667
TLC 267,B,0.041666667
TLC 271,C,0.043478261
TLC 275,C,0.052631579
TLC 276,C,0.043478261
TLC 279,C,0.071428571
TLC 280,C,0.066666667
TLC 281,C,0.058823529
TLC 282,C,0.05
TLC 283,C,0.05
TLC 284,A,0.047619048
TLC 285,A,0.045454545
TLC 286,A,0.045454545
TLC 289,A,0.045454545
TLC 290,A,0.04
TLC 294,A,0.041666667
TLC 295,A,0.041666667
TLC 296,A,0.035714286
TLC 297,A,0.034482759
TLC 299,B,0.052631579
TLC 300,B,0.047619048
TLC 301,B,0.047619048
TLC 302,B,0.043478261
TLC 304,B,0.052631579
TLC 305,B,0.05
TLC 306,B,0.045454545
TLC 307,B,0.043478261
TLC 308,B,0.041666667
TLC 309,B,0.055555556
TLC 310,B,0.052631579
TLC 311,B,0.05
TLC 314,C,0.071428571
TLC 315,C,0.055555556
TLC 316,C,0.052631579
TLC 318,C,0.047619048
TLC 324,C,0.058823529
TLC 325,C,0.047619048
TLC 326,C,0.045454545
TLC 327,C,0.041666667
TLC 329,A,0.055555556
TLC 330,A,0.045454545
TLC 331,A,0.045454545
TLC 332,A,0.045454545
TLC 333,A,0.043478261
TLC 334,A,0.05
TLC 335,A,0.047619048
TLC 336,A,0.047619048
TLC 337,A,0.043478261
TLC 338,A,0.041666667
TLC 339,A,0.047619048
TLC 340,A,0.045454545
TLC 341,A,0.045454545
TLC 342,A,0.038461538
TLC 344,B,0.052631579
TLC 345,B,0.045454545
TLC 346,B,0.045454545
TLC 347,B,0.043478261
TLC 348,B,0.041666667
TLC 349,B,0.052631579
TLC 350,B,0.045454545
TLC 351,B,0.041666667
TLC 352,B,0.037037037
TLC 354,B,0.055555556
TLC 355,B,0.05
TLC 356,B,0.047619048
TLC 357,B,0.043478261
TLC 359,C,0.071428571
TLC 360,C,0.066666667
TLC 362,C,0.055555556
TLC 364,C,0.0625
TLC 365,C,0.058823529
TLC 366,C,0.055555556
TLC 367,C,0.05
TLC 369,C,0.052631579
TLC 374,A,0.045454545
TLC 379,A,0.04
TLC 381,A,0.037037037
TLC 382,A,0.034482759
TLC 383,A,0.033333333
TLC 384,A,0.052631579
TLC 385,A,0.043478261
TLC 386,A,0.038461538
TLC 387,A,0.037037037
TLC 388,A,0.034482759
TLC 389,B,0.058823529
TLC 390,B,0.055555556
TLC 391,B,0.052631579
TLC 392,B,0.045454545
TLC 393,B,0.041666667
TLC 394,B,0.058823529
TLC 395,B,0.047619048
TLC 396,B,0.043478261
TLC 397,B,0.04
TLC 399,B,0.058823529
TLC 400,B,0.05
TLC 404,C,0.058823529
TLC 405,C,0.055555556
TLC 406,C,0.05
TLC 407,C,0.047619048
TLC 409,C,0.055555556
TLC 410,C,0.055555556
TLC 411,C,0.05
TLC 412,C,0.05
TLC 413,C,0.043478261
TLC 414,C,0.071428571
TLC 415,C,0.058823529
TLC 419,A,0.045454545
TLC 420,A,0.041666667
TLC 421,A,0.043478261
TLC 422,A,0.04
TLC 423,A,0.038461538
TLC 424,A,0.04
TLC 425,A,0.038461538
TLC 426,A,0.04
TLC 427,A,0.037037037
TLC 428,A,0.037037037
TLC 429,A,0.043478261
TLC 430,A,0.037037037
TLC 431,A,0.037037037
TLC 432,A,0.034482759
TLC 434,B,0.058823529
TLC 439,B,0.052631579
TLC 440,B,0.052631579
TLC 441,B,0.047619048
TLC 442,B,0.047619048
TLC 443,B,0.045454545
TLC 444,B,0.047619048
TLC 445,B,0.047619048
TLC 446,B,0.043478261
TLC 447,B,0.041666667
TLC 449,C,0.058823529
TLC 450,C,0.052631579
TLC 451,C,0.052631579
TLC 454,C,0.0625
TLC 456,C,0.052631579
TLC 457,C,0.05
TLC 459,C,0.071428571
TLC 460,C,0.066666667
TLC 461,C,0.0625
TLC 462,C,0.058823529
TPN 021,A,0.045454545
TPN 022,A,0.043478261
TPN 023,A,0.041666667
TPN 024,A,0.04
TPN 026,A,0.041666667
TPN 027,A,0.04
TPN 028,A,0.041666667
TPN 031,A,0.043478261
TPN 032,A,0.043478261
TPN 033,A,0.04
TPN 034,A,0.038461538
TPN 036,B,0.052631579
TPN 037,B,0.047619048
TPN 038,B,0.047619048
TPN 039,B,0.043478261
TPN 040,B,0.041666667
TPN 041,B,0.052631579
TPN 042,B,0.05
TPN 043,B,0.045454545
TPN 044,B,0.045454545
TPN 046,B,0.052631579
TPN 047,B,0.05
TPN 048,B,0.045454545
TPN 049,B,0.043478261
TPN 051,C,0.055555556
TPN 053,C,0.047619048
TPN 059,C,0.05
TPN 060,C,0.045454545
TPN 066,A,0.05
TPN 067,A,0.043478261
TPN 068,A,0.04
TPN 069,A,0.038461538
TPN 076,A,0.043478261
TPN 077,A,0.04
TPN 079,A,0.035714286
TPN 081,B,0.045454545
TPN 082,B,0.045454545
TPN 086,B,0.05
TPN 087,B,0.045454545
TPN 088,B,0.043478261
TPN 089,B,0.041666667
TPN 090,B,0.038461538
TPN 091,B,0.047619048
TPN 092,B,0.047619048
TPN 093,B,0.043478261
TPN 096,C,0.05
TPN 097,C,0.05
TPN 099,C,0.043478261
TPN 100,C,0.043478261
TPN 101,C,0.0625
TPN 102,C,0.055555556
TPN 103,C,0.05
TPN 106,C,0.058823529
TPN 107,C,0.058823529
TPN 108,C,0.05
TPN 111,A,0.047619048
TPN 112,A,0.047619048
TPN 116,A,0.041666667
TPN 121,A,0.04
TPN 122,A,0.038461538
TPN 126,B,0.045454545
TPN 131,B,0.043478261
TPN 136,B,0.05
TPN 137,B,0.05
TPN 138,B,0.043478261
TPN 146,C,0.047619048
TPN 147,C,0.047619048
TPN 148,C,0.045454545
TPN 156,A,0.043478261
TPN 157,A,0.041666667
TPN 158,A,0.041666667
TPN 161,A,0.037037037
TPN 162,A,0.037037037
TPN 166,A,0.043478261
TPN 167,A,0.041666667
TPN 168,A,0.04
TPN 169,A,0.037037037
TPN 171,B,0.058823529
TPN 172,B,0.052631579
TPN 173,B,0.047619048
TPN 174,B,0.045454545
TPN 176,B,0.05
TPN 177,B,0.047619048
TPN 178,B,0.04
TPN 181,C,0.052631579
TPN 182,C,0.05
TPN 183,C,0.045454545
TPN 186,C,0.055555556
TPN 187,C,0.047619048
TPN 188,C,0.045454545
TPN 191,C,0.0625
APR 054,A,0.05
APR 055,A,0.045454545
APR 056,A,0.045454545
APR 057,A,0.043478261
APR 058,A,0.045454545
APR 059,A,0.052631579
APR 060,A,0.05
APR 061,A,0.047619048
APR 064,A,0.05
APR 065,A,0.05
APR 066,A,0.041666667
APR 067,A,0.04
APR 068,A,0.04
APR 069,B,0.0625
APR 070,B,0.0625
APR 071,B,0.058823529
APR 072,B,0.058823529
APR 074,B,0.0625
APR 075,B,0.058823529
APR 077,B,0.055555556
APR 078,B,0.05
APR 079,B,0.0625
APR 080,B,0.055555556
APR 081,B,0.055555556
APR 082,B,0.05
APR 083,B,0.05
APR 084,C,0.0625
APR 085,C,0.0625
APR 086,C,0.0625
APR 087,C,0.058823529
APR 090,C,0.066666667
APR 091,C,0.058823529
APR 092,C,0.055555556
APR 094,C,0.076923077
APR 095,C,0.071428571
APR 096,C,0.055555556
APR 097,C,0.058823529
APR 098,A,0.045454545
APR 100,A,0.045454545
APR 101,A,0.043478261
APR 102,A,0.043478261
APR 103,A,0.043478261
APR 104,A,0.045454545
APR 105,A,0.045454545
APR 106,A,0.043478261
APR 108,A,0.038461538
APR 109,A,0.047619048
APR 110,A,0.047619048
APR 111,A,0.045454545
APR 112,A,0.041666667
APR 113,A,0.041666667
APR 114,B,0.058823529
APR 115,B,0.055555556
APR 116,B,0.055555556
APR 117,B,0.052631579
APR 118,B,0.05
APR 119,B,0.058823529
APR 120,B,0.05
APR 122,B,0.047619048
APR 124,B,0.052631579
APR 125,B,0.05
APR 126,B,0.047619048
APR 127,B,0.045454545
APR 128,B,0.041666667
APR 129,C,0.066666667
APR 130,C,0.0625
APR 131,C,0.0625
APR 132,C,0.058823529
APR 134,C,0.071428571
APR 135,C,0.0625
APR 137,C,0.052631579
APR 138,C,0.052631579
APR 139,C,0.0625
APR 140,C,0.066666667
APR 141,C,0.058823529
APR 142,C,0.052631579
APR 143,C,0.052631579
APR 144,A,0.047619048
APR 145,A,0.047619048
APR 146,A,0.047619048
APR 147,A,0.038461538
APR 149,A,0.045454545
APR 150,A,0.045454545
APR 151,A,0.047619048
APR 152,A,0.041666667
APR 153,A,0.037037037
APR 154,A,0.047619048
APR 155,A,0.047619048
APR 156,A,0.045454545
APR 157,A,0.045454545
APR 158,A,0.041666667
APR 159,B,0.058823529
APR 160,B,0.055555556
APR 161,B,0.055555556
APR 162,B,0.05
APR 163,B,0.05
APR 164,B,0.058823529
APR 165,B,0.058823529
APR 166,B,0.052631579
APR 167,B,0.05
APR 168,B,0.05
APR 169,B,0.0625
APR 172,B,0.052631579
APR 173,B,0.052631579
APR 175,C,0.066666667
APR 176,C,0.0625
APR 178,C,0.0625
APR 179,C,0.066666667
APR 180,C,0.0625
APR 181,C,0.066666667
APR 184,C,0.076923077
APR 185,C,0.071428571
APR 186,C,0.071428571
APR 187,C,0.0625
APR 188,C,0.066666667
APR 189,A,0.052631579
APR 190,A,0.05
APR 191,A,0.05
APR 192,A,0.05
APR 193,A,0.045454545
APR 194,A,0.052631579
APR 195,A,0.047619048
APR 196,A,0.047619048
APR 197,A,0.047619048
APR 198,A,0.045454545
APR 199,A,0.047619048
APR 200,A,0.05
APR 201,A,0.045454545
APR 202,A,0.043478261
APR 203,A,0.04
APR 205,B,0.0625
APR 206,B,0.058823529
APR 207,B,0.055555556
APR 208,B,0.055555556
APR 209,B,0.0625
APR 210,B,0.058823529
APR 211,B,0.058823529
APR 212,B,0.055555556
APR 213,B,0.05
APR 214,B,0.0625
APR 215,B,0.0625
APR 216,B,0.058823529
APR 217,B,0.058823529
APR 218,B,0.055555556
APR 220,C,0.066666667
APR 221,C,0.058823529
APR 222,C,0.058823529
APR 223,C,0.055555556
APR 224,C,0.066666667
APR 225,C,0.066666667
APR 226,C,0.0625
APR 227,C,0.058823529
APR 229,C,0.076923077
APR 230,C,0.0625
APR 231,C,0.066666667
APR 234,A,0.05
APR 235,A,0.05
APR 236,A,0.045454545
APR 237,A,0.043478261
APR 239,A,0.052631579
APR 240,A,0.052631579
APR 241,A,0.05
APR 242,A,0.045454545
APR 243,A,0.045454545
APR 244,A,0.05
APR 245,A,0.05
APR 248,A,0.045454545
APR 249,B,0.066666667
APR 250,B,0.058823529
APR 251,B,0.052631579
APR 252,B,0.05
APR 253,B,0.05
APR 254,B,0.058823529
APR 255,B,0.058823529
APR 256,B,0.055555556
APR 257,B,0.052631579
APR 259,B,0.0625
APR 260,B,0.0625
APR 261,B,0.055555556
APR 262,B,0.047619048
APR 263,B,0.047619048
APR 264,C,0.071428571
APR 265,C,0.0625
APR 266,C,0.0625
APR 267,C,0.055555556
APR 268,C,0.055555556
APR 269,C,0.066666667
APR 272,C,0.055555556
APR 274,C,0.076923077
APR 275,C,0.0625
APR 276,C,0.0625
APR 277,C,0.058823529
APR 278,C,0.055555556
APR 279,A,0.047619048
APR 280,A,0.047619048
APR 281,A,0.047619048
APR 282,A,0.041666667
APR 283,A,0.041666667
APR 284,A,0.047619048
APR 285,A,0.045454545
APR 286,A,0.045454545
APR 287,A,0.047619048
APR 288,A,0.043478261
APR 289,A,0.05
APR 290,A,0.045454545
APR 291,A,0.045454545
APR 292,A,0.047619048
APR 293,A,0.04
APR 294,B,0.058823529
APR 295,B,0.0625
APR 296,B,0.055555556
APR 297,B,0.05
APR 298,B,0.05
APR 299,B,0.058823529
APR 300,B,0.0625
APR 301,B,0.055555556
APR 302,B,0.055555556
APR 303,B,0.05
APR 304,B,0.076923077
APR 305,B,0.058823529
APR 306,B,0.058823529
APR 307,B,0.05
APR 308,B,0.045454545
APR 310,C,0.076923077
APR 312,C,0.058823529
APR 314,C,0.076923077
APR 315,C,0.066666667
APR 316,C,0.066666667
APR 317,C,0.058823529
APR 318,C,0.052631579
APR 319,C,0.076923077
APR 320,C,0.066666667
APR 321,C,0.0625
APR 322,C,0.0625
APR 324,A,0.052631579
APR 325,A,0.045454545
APR 326,A,0.043478261
APR 327,A,0.043478261
APR 328,A,0.04
APR 329,A,0.05
APR 330,A,0.045454545
APR 331,A,0.045454545
APR 332,A,0.045454545
APR 333,A,0.041666667
APR 334,A,0.05
APR 335,A,0.043478261
APR 336,A,0.041666667
APR 337,A,0.041666667
APR 338,A,0.038461538
APR 339,B,0.055555556
APR 340,B,0.058823529
APR 341,B,0.05
APR 342,B,0.047619048
APR 343,B,0.047619048
APR 344,B,0.0625
APR 345,B,0.055555556
APR 346,B,0.052631579
APR 347,B,0.05
APR 348,B,0.05
APR 349,B,0.058823529
APR 350,B,0.0625
APR 351,B,0.055555556
APR 352,B,0.055555556
APR 353,B,0.05
APR 354,C,0.0625
APR 355,C,0.0625
APR 356,C,0.066666667
APR 357,C,0.066666667
APR 359,C,0.066666667
APR 360,C,0.066666667
APR 361,C,0.0625
APR 362,C,0.055555556
APR 363,C,0.055555556
APR 364,C,0.076923077
APR 365,C,0.0625
APR 366,C,0.066666667
APR 369,A,0.05
APR 370,A,0.045454545
APR 371,A,0.045454545
APR 372,A,0.043478261
APR 374,A,0.045454545
APR 375,A,0.043478261
APR 377,A,0.043478261
APR 378,A,0.041666667
APR 379,A,0.045454545
APR 380,A,0.047619048
APR 381,A,0.045454545
APR 382,A,0.043478261
APR 383,A,0.043478261
APR 384,B,0.058823529
APR 385,B,0.055555556
APR 387,B,0.052631579
APR 388,B,0.052631579
APR 390,B,0.047619048
APR 391,B,0.047619048
APR 392,B,0.041666667
APR 394,B,0.0625
APR 396,B,0.055555556
APR 397,B,0.055555556
APR 399,C,0.071428571
APR 400,C,0.066666667
APR 401,C,0.0625
APR 402,C,0.0625
APR 403,C,0.0625
APR 404,C,0.071428571
APR 405,C,0.066666667
APR 406,C,0.066666667
APR 407,C,0.0625
APR 409,C,0.066666667
APR 414,A,0.052631579
APR 415,A,0.052631579
APR 416,A,0.05
APR 417,A,0.05
APR 418,A,0.041666667
APR 419,A,0.052631579
APR 420,A,0.047619048
APR 421,A,0.045454545
APR 422,A,0.045454545
APR 424,A,0.052631579
APR 425,A,0.047619048
APR 426,A,0.04
APR 429,B,0.066666667
APR 430,B,0.071428571
APR 431,B,0.0625
APR 432,B,0.058823529
APR 433,B,0.052631579
APR 434,B,0.058823529
APR 435,B,0.058823529
APR 436,B,0.058823529
APR 437,B,0.055555556
APR 439,B,0.0625
APR 440,B,0.0625
APR 441,B,0.058823529
APR 443,B,0.052631579
APR 444,C,0.071428571
APR 445,C,0.071428571
APR 446,C,0.066666667
APR 447,C,0.0625
APR 448,C,0.0625
APR 449,C,0.066666667
APR 450,C,0.0625
APR 451,C,0.0625
APR 452,C,0.058823529
APR 454,C,0.066666667
APR 455,C,0.066666667
APR 456,C,0.0625
APR 457,C,0.066666667
APR 458,C,0.055555556
APR 459,A,0.055555556
APR 460,A,0.052631579
APR 462,A,0.047619048
APR 463,A,0.047619048
APR 464,A,0.05
APR 465,A,0.05
APR 466,A,0.047619048
APR 467,A,0.05
APR 468,A,0.045454545
APR 469,A,0.052631579
APR 470,A,0.052631579
APR 471,A,0.04
APR 472,A,0.041666667
APR 474,B,0.066666667
APR 475,B,0.0625
APR 476,B,0.0625
APR 477,B,0.0625
APR 478,B,0.058823529
APR 480,B,0.0625
APR 481,B,0.058823529
APR 482,B,0.058823529
APR 483,B,0.05
APR 484,B,0.066666667
APR 485,B,0.0625
APR 486,B,0.0625
APR 487,B,0.0625
APR 488,B,0.055555556
APR 489,C,0.071428571
APR 490,C,0.071428571
APR 491,C,0.066666667
APR 492,C,0.058823529
APR 495,C,0.071428571
APR 496,C,0.066666667
APR 497,C,0.071428571
APR 498,C,0.066666667
APR 499,C,0.076923077
APR 500,C,0.071428571
APR 501,C,0.071428571
APR 502,C,0.0625
APR 504,A,0.055555556
APR 505,A,0.052631579
APR 506,A,0.052631579
APR 507,A,0.047619048
APR 509,A,0.05
APR 510,A,0.05
APR 511,A,0.052631579
APR 512,A,0.047619048
APR 514,A,0.052631579
APR 515,A,0.05
APR 516,A,0.05
APR 517,A,0.043478261
APR 519,B,0.066666667
APR 520,B,0.0625
APR 521,B,0.058823529
APR 522,B,0.055555556
APR 523,B,0.052631579
APR 524,B,0.071428571
APR 525,B,0.052631579
APR 526,B,0.052631579
APR 527,B,0.052631579
APR 528,B,0.045454545
APR 529,B,0.066666667
APR 530,B,0.0625
APR 531,B,0.0625
APR 532,B,0.055555556
APR 533,B,0.05
APR 534,C,0.076923077
APR 535,C,0.066666667
APR 536,C,0.0625
APR 537,C,0.058823529
APR 539,C,0.0625
APR 540,C,0.0625
APR 541,C,0.0625
APR 542,C,0.055555556
APR 543,C,0.055555556
APR 544,C,0.076923077
APR 545,C,0.076923077
APR 546,C,0.0625
APR 547,C,0.0625
APR 549,A,0.055555556
APR 550,A,0.043478261
APR 551,A,0.043478261
APR 552,A,0.038461538
APR 554,A,0.05
APR 555,A,0.045454545
APR 556,A,0.043478261
APR 557,A,0.038461538
APR 559,A,0.052631579
APR 560,A,0.041666667
APR 561,A,0.041666667
APR 562,A,0.04
APR 563,A,0.038461538
APR 564,B,0.071428571
APR 565,B,0.066666667
APR 566,B,0.058823529
APR 567,B,0.055555556
APR 569,B,0.0625
APR 570,B,0.0625
APR 571,B,0.055555556
APR 572,B,0.05
APR 573,B,0.045454545
APR 574,B,0.0625
APR 575,B,0.0625
APR 576,B,0.058823529
APR 577,B,0.055555556
APR 578,B,0.047619048
APR 579,C,0.076923077
APR 580,C,0.076923077
APR 581,C,0.0625
APR 582,C,0.058823529
APR 584,C,0.076923077
APR 585,C,0.066666667
APR 586,C,0.066666667
APR 587,C,0.055555556
APR 589,C,0.076923077
APR 590,C,0.076923077
APR 591,C,0.071428571
APR 592,C,0.055555556
APR 593,C,0.055555556
APR 594,A,0.052631579
APR 595,A,0.052631579
APR 596,A,0.043478261
APR 599,A,0.052631579
APR 600,A,0.052631579
APR 601,A,0.047619048
APR 604,A,0.052631579
APR 605,A,0.047619048
APR 606,A,0.041666667
APR 607,A,0.038461538
APR 609,B,0.055555556
APR 610,B,0.052631579
APR 611,B,0.052631579
APR 612,B,0.055555556
APR 613,B,0.05
APR 614,B,0.0625
APR 616,B,0.055555556
APR 617,B,0.052631579
APR 618,B,0.047619048
APR 619,B,0.055555556
APR 620,B,0.052631579
APR 621,B,0.05
APR 622,B,0.043478261
APR 624,C,0.071428571
APR 625,C,0.0625
APR 626,C,0.0625
APR 627,C,0.055555556
APR 628,C,0.055555556
APR 629,C,0.0625
APR 630,C,0.0625
APR 631,C,0.058823529
APR 632,C,0.055555556
APR 633,C,0.052631579
APR 634,C,0.0625
APR 635,C,0.0625
APR 636,C,0.055555556
APR 637,C,0.055555556
APR 639,A,0.052631579
APR 640,A,0.052631579
APR 641,A,0.052631579
APR 642,A,0.043478261
APR 643,A,0.04
APR 644,A,0.047619048
APR 645,A,0.047619048
APR 646,A,0.045454545
APR 647,A,0.043478261
APR 648,A,0.043478261
APR 649,A,0.05
APR 650,A,0.05
APR 651,A,0.05
APR 652,A,0.047619048
APR 653,A,0.037037037
APR 654,B,0.066666667
APR 655,B,0.058823529
APR 656,B,0.055555556
APR 657,B,0.055555556
APR 658,B,0.047619048
APR 659,B,0.058823529
APR 660,B,0.052631579
APR 661,B,0.052631579
APR 662,B,0.047619048
APR 664,C,0.066666667
APR 665,C,0.0625
APR 666,C,0.0625
APR 667,C,0.066666667
APR 668,C,0.0625
APR 670,C,0.071428571
APR 671,C,0.066666667
APR 672,C,0.0625
APR 674,A,0.052631579
APR 675,A,0.05
APR 676,A,0.05
APR 677,A,0.047619048
APR 678,A,0.041666667
APR 679,A,0.052631579
APR 680,A,0.052631579
APR 681,A,0.05
APR 684,A,0.05
APR 685,A,0.052631579
APR 686,A,0.043478261
APR 687,A,0.041666667
APR 689,B,0.0625
APR 690,B,0.058823529
APR 691,B,0.058823529
APR 692,B,0.047619048
APR 693,B,0.045454545
APR 694,B,0.0625
APR 695,B,0.055555556
APR 696,B,0.052631579
APR 698,B,0.043478261
APR 699,B,0.058823529
APR 700,B,0.055555556
APR 701,B,0.052631579
APR 702,B,0.047619048
APR 704,C,0.066666667
APR 705,C,0.058823529
APR 706,C,0.058823529
APR 707,C,0.055555556
APR 708,C,0.052631579
APR 709,C,0.066666667
APR 710,C,0.0625
APR 711,C,0.055555556
APR 712,C,0.05
APR 713,C,0.052631579
APR 714,C,0.071428571
APR 716,C,0.066666667
APR 717,C,0.0625
APR 718,C,0.058823529
ARS 021,A,0.05
ARS 022,A,0.05
ARS 023,A,0.047619048
ARS 024,A,0.047619048
ARS 025,A,0.043478261
ARS 026,A,0.052631579
ARS 027,A,0.047619048
ARS 028,A,0.043478261
ARS 029,A,0.043478261
ARS 030,A,0.041666667
ARS 031,A,0.055555556
ARS 032,A,0.055555556
ARS 033,A,0.05
ARS 034,A,0.047619048
ARS 035,A,0.043478261
ARS 036,B,0.066666667
ARS 037,B,0.0625
ARS 038,B,0.0625
ARS 039,B,0.047619048
ARS 040,B,0.045454545
ARS 041,B,0.0625
ARS 042,B,0.058823529
ARS 043,B,0.055555556
ARS 044,B,0.05
ARS 045,B,0.05
ARS 046,B,0.066666667
ARS 047,B,0.055555556
ARS 048,B,0.052631579
ARS 049,B,0.047619048
ARS 051,C,0.083333333
ARS 052,C,0.066666667
ARS 053,C,0.0625
ARS 054,C,0.0625
ARS 055,C,0.055555556
ARS 056,C,0.0625
ARS 057,C,0.0625
ARS 058,C,0.0625
ARS 059,C,0.058823529
ARS 060,C,0.055555556
ARS 061,C,0.066666667
ARS 062,C,0.0625
ARS 063,C,0.0625
ARS 064,C,0.058823529
ARS 065,C,0.055555556
ARS 066,A,0.052631579
ARS 067,A,0.052631579
ARS 068,A,0.05
ARS 069,A,0.047619048
ARS 070,A,0.045454545
ARS 071,A,0.047619048
ARS 072,A,0.047619048
ARS 073,A,0.045454545
ARS 074,A,0.045454545
ARS 075,A,0.041666667
ARS 076,A,0.055555556
ARS 077,A,0.052631579
ARS 078,A,0.047619048
ARS 079,A,0.045454545
ARS 081,B,0.066666667
ARS 082,B,0.0625
ARS 083,B,0.0625
ARS 084,B,0.055555556
ARS 085,B,0.052631579
ARS 086,B,0.0625
ARS 087,B,0.0625
ARS 088,B,0.058823529
ARS 089,B,0.058823529
ARS 090,B,0.052631579
ARS 092,B,0.052631579
ARS 093,B,0.052631579
ARS 094,B,0.052631579
ARS 095,B,0.05
ARS 096,C,0.071428571
ARS 097,C,0.071428571
ARS 099,C,0.0625
ARS 100,C,0.055555556
ARS 101,C,0.076923077
ARS 102,C,0.076923077
ARS 103,C,0.071428571
ARS 104,C,0.066666667
ARS 106,C,0.066666667
ARS 107,C,0.0625
ARS 108,C,0.0625
ARS 109,C,0.0625
ARS 110,C,0.0625
ARS 111,A,0.055555556
ARS 112,A,0.05
ARS 113,A,0.05
ARS 114,A,0.045454545
ARS 116,A,0.052631579
ARS 117,A,0.05
ARS 118,A,0.047619048
ARS 119,A,0.043478261
ARS 120,A,0.034482759
ARS 121,A,0.047619048
ARS 122,A,0.045454545
ARS 124,A,0.04
ARS 125,A,0.04
ARS 126,B,0.066666667
ARS 127,B,0.052631579
ARS 128,B,0.052631579
ARS 129,B,0.05
ARS 130,B,0.047619048
ARS 131,B,0.066666667
ARS 132,B,0.071428571
ARS 133,B,0.058823529
ARS 134,B,0.052631579
ARS 135,B,0.05
ARS 136,B,0.071428571
ARS 137,B,0.0625
ARS 138,B,0.058823529
ARS 139,B,0.052631579
ARS 140,B,0.052631579
ARS 141,C,0.076923077
ARS 142,C,0.071428571
ARS 144,C,0.0625
ARS 146,C,0.071428571
ARS 147,C,0.071428571
ARS 148,C,0.0625
ARS 149,C,0.058823529
ARS 151,C,0.071428571
ARS 152,C,0.0625
ARS 153,C,0.058823529
ARS 154,C,0.058823529
ARS 156,A,0.052631579
ARS 157,A,0.05
ARS 158,A,0.05
ARS 159,A,0.05
ARS 160,A,0.045454545
ARS 161,A,0.055555556
ARS 162,A,0.058823529
ARS 163,A,0.055555556
ARS 164,A,0.05
ARS 165,A,0.045454545
ARS 166,A,0.055555556
ARS 167,A,0.05
ARS 168,A,0.05
ARS 169,A,0.041666667
ARS 170,A,0.041666667
ARS 171,B,0.066666667
ARS 172,B,0.0625
ARS 174,B,0.052631579
ARS 176,B,0.055555556
ARS 177,B,0.05
ARS 178,B,0.05
ARS 179,B,0.05
ARS 180,B,0.05
ARS 181,B,0.066666667
ARS 182,B,0.066666667
ARS 183,B,0.0625
ARS 184,B,0.058823529
ARS 185,B,0.058823529
ARS 186,C,0.076923077
ARS 187,C,0.0625
ARS 188,C,0.0625
ARS 190,C,0.055555556
ARS 191,C,0.076923077
ARS 192,C,0.076923077
ARS 193,C,0.071428571
ARS 194,C,0.076923077
ARS 195,C,0.066666667
ARS 196,C,0.071428571
ARS 197,C,0.076923077
ARS 198,C,0.071428571
ARS 199,C,0.066666667
ARS 246,A,0.052631579
ARS 247,A,0.05
ARS 248,A,0.05
ARS 249,A,0.05
ARS 250,A,0.045454545
ARS 251,A,0.052631579
ARS 252,A,0.052631579
ARS 253,A,0.05
ARS 254,A,0.045454545
ARS 255,A,0.045454545
ARS 256,A,0.052631579
ARS 257,A,0.047619048
ARS 258,A,0.045454545
ARS 259,A,0.043478261
ARS 260,A,0.043478261
ARS 261,B,0.066666667
ARS 262,B,0.071428571
ARS 263,B,0.0625
ARS 264,B,0.058823529
ARS 265,B,0.0625
ARS 266,B,0.066666667
ARS 268,B,0.055555556
ARS 269,B,0.055555556
ARS 272,B,0.058823529
ARS 273,B,0.058823529
ARS 275,B,0.055555556
ARS 276,C,0.071428571
ARS 277,C,0.076923077
ARS 278,C,0.071428571
ARS 279,C,0.0625
ARS 282,C,0.0625
ARS 283,C,0.0625
ARS 284,C,0.0625
ARS 286,C,0.090909091
ARS 287,C,0.071428571
ARS 288,C,0.071428571
ARS 289,C,0.071428571
ARS 291,A,0.058823529
ARS 292,A,0.052631579
ARS 293,A,0.052631579
ARS 294,A,0.045454545
ARS 296,A,0.066666667
ARS 297,A,0.058823529
ARS 299,A,0.052631579
ARS 300,A,0.047619048
ARS 301,A,0.052631579
ARS 303,A,0.045454545
ARS 306,B,0.071428571
ARS 307,B,0.066666667
ARS 308,B,0.066666667
ARS 309,B,0.055555556
ARS 310,B,0.055555556
ARS 311,B,0.083333333
ARS 312,B,0.066666667
ARS 313,B,0.058823529
ARS 314,B,0.058823529
ARS 316,B,0.071428571
ARS 317,B,0.0625
ARS 318,B,0.055555556
ARS 319,B,0.055555556
ARS 320,B,0.047619048
ARS 321,C,0.083333333
ARS 322,C,0.076923077
ARS 323,C,0.066666667
ARS 324,C,0.066666667
ARS 325,C,0.066666667
ARS 326,C,0.083333333
ARS 327,C,0.071428571
ARS 328,C,0.071428571
ARS 329,C,0.0625
ARS 330,C,0.0625
ARS 331,C,0.083333333
ARS 332,C,0.083333333
ARS 334,C,0.076923077
ARS 335,C,0.0625
ARS 337,A,0.058823529
ARS 338,A,0.052631579
ARS 339,A,0.05
ARS 341,A,0.058823529
ARS 342,A,0.05
ARS 343,A,0.05
ARS 344,A,0.047619048
ARS 345,A,0.045454545
ARS 346,A,0.055555556
ARS 348,A,0.047619048
ARS 349,A,0.043478261
ARS 350,A,0.043478261
ARS 351,B,0.071428571
ARS 352,B,0.071428571
ARS 353,B,0.066666667
ARS 354,B,0.0625
ARS 356,B,0.066666667
ARS 357,B,0.0625
ARS 358,B,0.055555556
ARS 359,B,0.055555556
ARS 360,B,0.052631579
ARS 361,B,0.076923077
ARS 362,B,0.066666667
ARS 363,B,0.0625
ARS 364,B,0.0625
ARS 365,B,0.055555556
ARS 366,C,0.076923077
ARS 367,C,0.076923077
ARS 368,C,0.066666667
ARS 369,C,0.066666667
ARS 371,C,0.083333333
ARS 372,C,0.071428571
ARS 373,C,0.071428571
ARS 374,C,0.0625
ARS 375,C,0.0625
ARS 376,C,0.066666667
ARS 377,C,0.0625
ARS 378,C,0.058823529
ARS 379,C,0.058823529
ARS 382,A,0.05
ARS 383,A,0.05
ARS 384,A,0.047619048
ARS 385,A,0.047619048
ARS 386,A,0.055555556
ARS 387,A,0.047619048
ARS 388,A,0.045454545
ARS 389,A,0.045454545
ARS 390,A,0.041666667
ARS 391,A,0.052631579
ARS 392,A,0.05
ARS 393,A,0.05
ARS 394,A,0.045454545
ARS 395,A,0.041666667
ARS 396,B,0.066666667
ARS 397,B,0.0625
ARS 398,B,0.058823529
ARS 399,B,0.055555556
ARS 400,B,0.052631579
ARS 401,B,0.058823529
ARS 402,B,0.055555556
ARS 403,B,0.055555556
ARS 404,B,0.055555556
ARS 406,B,0.071428571
ARS 407,B,0.055555556
ARS 408,B,0.055555556
ARS 409,B,0.055555556
ARS 410,B,0.05
ARS 411,C,0.071428571
ARS 412,C,0.071428571
ARS 413,C,0.076923077
ARS 414,C,0.05
ARS 416,C,0.083333333
ARS 417,C,0.071428571
ARS 418,C,0.071428571
ARS 419,C,0.071428571
ARS 421,C,0.083333333
ARS 422,C,0.076923077
ARS 423,C,0.066666667
ARS 424,C,0.0625
ARS 425,C,0.058823529
ARS 426,A,0.05
ARS 427,A,0.045454545
ARS 428,A,0.043478261
ARS 429,A,0.041666667
ARS 431,A,0.05
ARS 432,A,0.05
ARS 434,A,0.043478261
ARS 435,A,0.041666667
ARS 436,A,0.043478261
ARS 438,A,0.041666667
ARS 439,A,0.04
ARS 440,A,0.04
ARS 441,B,0.058823529
ARS 442,B,0.05
ARS 443,B,0.047619048
ARS 444,B,0.045454545
ARS 446,B,0.055555556
ARS 447,B,0.055555556
ARS 448,B,0.055555556
ARS 449,B,0.047619048
ARS 450,B,0.043478261
ARS 451,B,0.066666667
ARS 452,B,0.055555556
ARS 453,B,0.05
ARS 454,B,0.047619048
ARS 456,C,0.076923077
ARS 457,C,0.076923077
ARS 458,C,0.071428571
ARS 459,C,0.0625
ARS 460,C,0.058823529
ARS 461,C,0.076923077
ARS 462,C,0.076923077
ARS 463,C,0.066666667
ARS 464,C,0.066666667
ARS 466,C,0.071428571
ARS 467,C,0.066666667
ARS 468,C,0.0625
ARS 469,C,0.058823529
ARS 470,C,0.0625
ARS 516,A,0.058823529
ARS 517,A,0.055555556
ARS 518,A,0.052631579
ARS 519,A,0.052631579
ARS 520,A,0.045454545
ARS 521,A,0.052631579
ARS 522,A,0.052631579
ARS 523,A,0.05
ARS 524,A,0.045454545
ARS 525,A,0.04
ARS 526,A,0.052631579
ARS 527,A,0.045454545
ARS 528,A,0.045454545
ARS 529,A,0.043478261
ARS 531,B,0.076923077
ARS 532,B,0.076923077
ARS 533,B,0.071428571
ARS 534,B,0.0625
ARS 536,B,0.071428571
ARS 537,B,0.066666667
ARS 538,B,0.0625
ARS 539,B,0.055555556
ARS 541,B,0.0625
ARS 542,B,0.058823529
ARS 543,B,0.055555556
ARS 544,B,0.052631579
ARS 545,B,0.052631579
ARS 546,C,0.083333333
ARS 547,C,0.071428571
ARS 548,C,0.071428571
ARS 549,C,0.0625
ARS 550,C,0.0625
ARS 551,C,0.076923077
ARS 552,C,0.076923077
ARS 553,C,0.071428571
ARS 556,C,0.076923077
ARS 557,C,0.076923077
ARS 558,C,0.066666667
ARS 559,C,0.066666667
ARS 560,C,0.058823529
