ID,Biome,Latitude,Locality ,Length.mm,x1,y1,x2,y2,x3,y3,x4,y4,x5,y5,x6,y6,x7,y7,x8,y8,x9,y9,x10,y10,x11,y11,x12,y12,x13,y13
APR 001,Amazon,-3.028,APR,2.75,1.385147611,2.293334016,3.959431379,2.146325426,4.028035388,2.218196292,3.178652419,2.159392856,4.060703963,2.312935162,4.041102818,2.394606601,3.949630806,2.47627804,3.315860437,2.424008319,3.773220497,2.57101691,3.492270746,2.672289495,2.378272313,2.407674031,3.074112976,2.744160361,2.646154634,2.760494649
APR 002,Amazon,-3.028,APR,2.86,1.156467581,1.943780256,3.877759939,1.862108817,3.933296518,1.940513398,3.080646691,1.826173383,3.956164521,2.03198541,3.936563376,2.116923707,3.835290791,2.192061432,3.155784416,2.11365685,3.642546194,2.293334016,3.315860437,2.384806028,2.169193429,2.048319698,2.881368379,2.443609465,2.459943753,2.466477468
APR 003,Amazon,-3.028,APR,3.17,1.091130429,1.512555056,4.086838824,1.398215041,4.165243406,1.499487626,3.214587852,1.365546466,4.194645124,1.594226496,4.165243406,1.68243165,4.067237679,1.760836232,3.377930731,1.679164793,3.884293654,1.842507671,3.564141612,1.937246541,2.227996865,1.623628214,3.054511831,2.009117407,2.567750052,2.03198541
APR 004,Amazon,-3.028,APR,3.09,1.247939593,1.702032796,4.191378266,1.623628214,4.246914845,1.688965365,3.312593579,1.590959638,4.286117136,1.793504808,4.256715418,1.878443105,4.142375403,1.953580829,3.4726696,1.891510535,3.949630806,2.048319698,3.619678191,2.13979171,2.293334016,1.806572238,3.13618327,2.211662577,2.629820346,2.22146315
APR 005,Amazon,-3.028,APR,3.05,1.202203587,1.541956775,4.096639397,1.535423059,4.171777121,1.633428787,3.175385561,1.486420196,4.204445697,1.741235086,4.178310836,1.822906526,4.080305109,1.894777392,3.332194725,1.809839096,3.851625079,1.996049977,3.495537603,2.090788847,2.283533444,1.685698508,3.02837697,2.13979171,2.508946616,2.129991138
APR 006,Amazon,-3.028,APR,3.09,1.257740166,1.751035659,4.178310836,1.581159065,4.250181703,1.659563647,3.289725576,1.568091635,4.295917709,1.767369947,4.279583421,1.858841959,4.178310836,1.940513398,3.4726696,1.875176247,3.969231951,2.041785983,3.632745621,2.156125998,2.397873459,1.832707099,3.129649555,2.244331153,2.636354062,2.241064295
APR 007,Amazon,-3.028,APR,3.23,0.744843527,1.535423059,3.851625079,1.394948184,3.900627942,1.476619623,2.949972389,1.355745893,3.93002966,1.57462535,3.9038948,1.659563647,3.802622215,1.744501944,3.119848982,1.705299653,3.596810188,1.862108817,3.299526149,1.960114544,1.940513398,1.620361356,2.77356208,2.041785983,2.270466013,2.058120271
APR 008,Amazon,-3.028,APR,3.02,0.627236654,1.914378538,3.557607897,1.806572238,3.583742758,1.868642532,2.682090068,1.747768802,3.606610761,1.956847686,3.600077046,2.041785983,3.492270746,2.123457423,2.861767234,2.058120271,3.299526149,2.22146315,2.989174679,2.335803165,1.754302517,2.028718553,2.495879186,2.420741462,1.99278312,2.430542034
APR 009,Amazon,-3.028,APR,2.83,0.859183542,1.492953911,3.541273609,1.398215041,3.606610761,1.479886481,2.721292358,1.368813323,3.636012479,1.577892208,3.603343903,1.65629679,3.508605034,1.737968229,2.822564943,1.662830505,3.315860437,1.842507671,2.995708395,1.940513398,1.878443105,1.613827641,2.548148907,1.989516262,2.067920844,1.996049977
APR 011,Amazon,-3.028,APR,3.3015,0.67297266,1.470085908,3.769953639,1.163001296,3.867959367,1.257740166,2.825831801,1.195669872,3.9038948,1.336144747,3.874493082,1.430883617,3.734018206,1.545223632,3.01530954,1.499487626,3.551074182,1.662830505,3.221121567,1.77717052,1.849041386,1.528889344,2.747427219,1.894777392,2.211662577,1.943780256
APR 012,Amazon,-3.028,APR,3.2671,0.813447536,1.182602441,3.956164521,1.081329857,4.008434242,1.163001296,2.953239246,1.015992705,4.028035388,1.251206451,3.995366812,1.349212178,3.858158794,1.44068419,3.113315267,1.352479035,3.642546194,1.551757347,3.335461582,1.65629679,1.966648259,1.280608169,2.838899231,1.734701371,2.280266586,1.731434514
APR 013,Amazon,-3.028,APR,2.7664,0.806913821,1.11726529,3.443267882,1.051928139,3.505338176,1.140133293,2.688623783,1.025793278,3.524939321,1.228338447,3.495537603,1.313276744,3.397531876,1.378613896,2.77356208,1.293675599,3.198253564,1.463552193,2.904236382,1.555024205,1.79023795,1.241405878,2.505679759,1.623628214,2.035252268,1.626895071
APR 014,Amazon,-3.028,APR,2.8524,0.819981251,1.506021341,3.505338176,1.460285335,3.583742758,1.545223632,2.806230655,1.408015614,3.613144476,1.639962502,3.577209043,1.734701371,3.482470173,1.796771665,2.881368379,1.698765938,3.283191861,1.881709962,3.005508967,1.943780256,1.858841959,1.587692781,2.593884913,2.00585055,2.146325426,1.999316835
APR 015,Amazon,-3.028,APR,2.7277,1.398215041,1.23813902,3.992099954,1.231605305,4.054170248,1.323077317,3.201520422,1.176068726,4.070504536,1.391681326,4.044369676,1.473352765,3.949630806,1.541956775,3.3648633,1.45375162,3.776487355,1.630161929,3.515138749,1.702032796,2.381539171,1.368813323,3.057778688,1.744501944,2.57101691,1.731434514
APR 016,Amazon,-3.028,APR,3.0582,0.816714393,1.479886481,3.720950776,1.251206451,3.78302107,1.323077317,2.829098658,1.251206451,3.80915593,1.414549329,3.7960885,1.496220768,3.70134963,1.571358493,2.982640964,1.535423059,3.485737031,1.68243165,3.172118703,1.786971092,1.907844823,1.525622487,2.67882321,1.875176247,2.24759801,1.91111168
APR 017,Amazon,-3.028,APR,2.8027,0.872250972,2.041785983,3.560874755,2.045052841,3.59354333,2.11365685,2.724559216,1.950313971,3.609877618,2.182260859,3.583742758,2.250864868,3.475936458,2.312935162,2.900969525,2.237797438,3.296259291,2.401140316,3.034910685,2.469744325,1.871909389,2.149592283,2.574283768,2.525280904,2.11365685,2.512213474
APR 018,Amazon,-3.028,APR,2.856,1.123799005,1.13033272,3.832023933,1.084596714,3.897361085,1.176068726,3.044711258,1.045394423,3.923495945,1.270807596,3.894094227,1.352479035,3.80915593,1.424349902,3.181919276,1.339411605,3.609877618,1.512555056,3.315860437,1.587692781,2.143058568,1.257740166,2.89443581,1.639962502,2.368471741,1.626895071
APR 019,Amazon,-3.028,APR,3.0202,1.136866435,1.506021341,4.001900527,1.45375162,4.070504536,1.541956775,3.116582125,1.430883617,4.109706827,1.639962502,4.073771394,1.728167656,3.975765666,1.80330538,3.23092214,1.721633941,3.773220497,1.89804425,3.45960217,1.986249404,2.201862004,1.643229359,3.00224211,2.045052841,2.482811756,2.038519126
APR 020,Amazon,-3.028,APR,2.7602,1.179335584,1.636695644,3.832023933,1.463552193,3.861425651,1.512555056,3.038177543,1.430883617,3.887560512,1.607293926,3.874493082,1.698765938,3.78302107,1.770636805,3.175385561,1.718367083,3.636012479,1.852308244,3.348529012,1.947047114,2.211662577,1.685698508,2.92057067,2.035252268,2.430542034,2.061387129
APR 021,Amazon,-3.028,APR,2.7161,0.836315539,1.819639668,3.377930731,1.718367083,3.440001024,1.796771665,2.642887777,1.69549908,3.479203315,1.894777392,3.462869027,1.99278312,3.358329585,2.051586556,2.740893504,1.966648259,3.181919276,2.143058568,2.90750324,2.218196292,1.822906526,1.920912253,2.505679759,2.280266586,2.074454559,2.296600874
APR 022,Amazon,-3.028,APR,2.811,0.963722984,1.65629679,3.655613624,1.639962502,3.691549058,1.698765938,2.845432946,1.577892208,3.711150203,1.773903662,3.691549058,1.862108817,3.587009615,1.937246541,2.982640964,1.862108817,3.397531876,2.03198541,3.11004841,2.107123135,1.947047114,1.786971092,2.655955207,2.182260859,2.185527716,2.182260859
APR 023,Amazon,-3.028,APR,3.0402,0.960456126,1.019259563,3.845091364,0.904919548,3.910428515,0.999658417,2.949972389,0.885318402,3.949630806,1.087863572,3.93002966,1.172801869,3.825490218,1.254473308,3.11004841,1.179335584,3.632745621,1.349212178,3.335461582,1.447217905,2.051586556,1.140133293,2.865034092,1.522355629,2.371738598,1.535423059
APR 024,Amazon,-3.028,APR,3.2703,0.891852117,1.940513398,3.998633669,1.924179111,4.054170248,1.99278312,3.038177543,1.881709962,4.083571966,2.097322562,4.063970821,2.188794574,3.972498809,2.276999728,3.178652419,2.185527716,3.727484491,2.378272313,3.384464446,2.469744325,2.10058942,2.103856277,2.874834664,2.518747189,2.358671168,2.518747189
APR 025,Amazon,-3.028,APR,2.8941,1.34594532,1.698765938,4.099906254,1.715100226,4.148909118,1.796771665,3.279925003,1.653029932,4.165243406,1.888243677,4.13257483,1.963381401,4.03783596,2.03198541,3.3648633,1.937246541,3.832023933,2.143058568,3.528206179,2.218196292,2.35540431,1.862108817,3.083913549,2.254131725,2.662488922,2.24759801
APR 026,Amazon,-3.028,APR,3.0713,0.731776096,1.316543602,3.655613624,1.221804732,3.714417061,1.296942457,2.747427219,1.179335584,3.734018206,1.388414469,3.717683918,1.463552193,3.613144476,1.538689917,2.874834664,1.476619623,3.407332449,1.630161929,3.087180407,1.721633941,1.845774529,1.424349902,2.580817483,1.822906526,2.162659713,1.852308244
APR 027,Amazon,-3.028,APR,3.1689,1.127065863,1.767369947,4.175043978,1.675897935,4.224046842,1.751035659,3.260323858,1.617094499,4.243647987,1.832707099,4.220779984,1.927445968,4.090105682,2.022184838,3.423666737,1.947047114,3.887560512,2.110389992,3.577209043,2.205128862,2.267199156,1.852308244,3.031643828,2.283533444,2.554682622,2.299867731
APR 028,Amazon,-3.028,APR,3.02,0.868984114,1.721633941,3.763419924,1.69549908,3.805889073,1.760836232,2.891168952,1.613827641,3.828757076,1.849041386,3.805889073,1.933979683,3.694815915,2.002583692,3.038177543,1.91111168,3.489003888,2.087521989,3.165584988,2.165926571,1.953580829,1.855575102,2.701691213,2.231263722,2.201862004,2.23453058
APR 029,Amazon,-3.028,APR,3.0208,1.068262426,1.715100226,3.926762803,1.666097362,3.992099954,1.751035659,3.11004841,1.626895071,4.018234815,1.852308244,4.008434242,1.937246541,3.900627942,2.015651123,3.204787279,1.927445968,3.67521477,2.116923707,3.358329585,2.198595147,2.156125998,1.852308244,2.92057067,2.267199156,2.414207747,2.254131725
APR 030,Amazon,-3.028,APR,2.8665,1.094397287,1.316543602,3.838557648,1.215271017,3.887560512,1.280608169,3.083913549,1.179335584,3.920229088,1.368813323,3.89082737,1.457018478,3.7960885,1.535423059,3.178652419,1.46681905,3.596810188,1.623628214,3.286458719,1.708566511,2.087521989,1.401481899,2.845432946,1.764103089,2.401140316,1.770636805
APR 031,Amazon,-3.028,APR,3.0515,1.055194996,1.417816187,3.956164521,1.391681326,4.005167385,1.460285335,3.044711258,1.352479035,4.044369676,1.56155792,4.031302245,1.649763074,3.939830233,1.721633941,3.194986707,1.633428787,3.711150203,1.813105953,3.374663873,1.907844823,2.136524853,1.56155792,2.923837528,1.973181974,2.433808892,1.963381401
APR 032,Amazon,-3.028,APR,3.028,1.107464717,1.179335584,4.021501673,1.218537875,4.063970821,1.300209314,3.11004841,1.133599578,4.083571966,1.401481899,4.060703963,1.479886481,3.949630806,1.54849049,3.240722713,1.44068419,3.760153067,1.630161929,3.443267882,1.721633941,2.178994001,1.342678463,2.956506104,1.770636805,2.466477468,1.757569374
APR 033,Amazon,-3.028,APR,2.8336,0.989857845,1.306743029,3.70134963,1.267540738,3.743818779,1.339411605,2.816031228,1.218537875,3.766686782,1.434150475,3.737285064,1.512555056,3.642546194,1.577892208,2.985907822,1.506021341,3.456335312,1.675897935,3.165584988,1.760836232,1.956847686,1.427616759,2.701691213,1.826173383,2.22146315,1.826173383
APR 034,Amazon,-3.028,APR,2.8192,0.833048681,1.31981046,3.534739894,1.267540738,3.583742758,1.352479035,2.711491786,1.21200416,3.600077046,1.434150475,3.577209043,1.522355629,3.469402743,1.600760211,2.851966661,1.506021341,3.289725576,1.68243165,2.989174679,1.770636805,1.849041386,1.434150475,2.57101691,1.829440241,2.10058942,1.813105953
APR 035,Amazon,-3.028,APR,2.8672,1.146667008,1.401481899,3.874493082,1.323077317,3.933296518,1.401481899,3.041444401,1.306743029,3.956164521,1.489687053,3.93002966,1.564824778,3.825490218,1.649763074,3.188452991,1.590959638,3.658880482,1.747768802,3.3648633,1.835973956,2.208395719,1.528889344,2.92057067,1.907844823,2.410940889,1.894777392
APR 036,Amazon,-3.028,APR,3.309,0.908186405,1.267540738,4.050903391,1.247939593,4.126041115,1.34594532,3.034910685,1.169535011,4.158709691,1.437417332,4.122774257,1.519088771,4.0117011,1.600760211,3.198253564,1.489687053,3.773220497,1.708566511,3.417133021,1.786971092,2.045052841,1.414549329,2.89443581,1.858841959,2.401140316,1.865375674
APR 037,Amazon,-3.028,APR,2.8517,1.385147611,2.025451695,4.1195074,1.999316835,4.171777121,2.080988274,3.315860437,1.940513398,4.181577694,2.165926571,4.155442833,2.250864868,4.067237679,2.316202019,3.420399879,2.23453058,3.887560512,2.417474604,3.5804759,2.499146043,2.404407174,2.156125998,3.129649555,2.55794948,2.655955207,2.554682622
APR 038,Amazon,-3.028,APR,2.9886,0.76771153,2.03198541,3.590276473,1.989516262,3.649079909,2.058120271,2.714758643,1.937246541,3.685015342,2.152859141,3.655613624,2.241064295,3.560874755,2.319468877,2.868300949,2.237797438,3.345262155,2.417474604,3.051244973,2.502412901,1.868642532,2.149592283,2.580817483,2.55794948,2.077721416,2.548148907
APR 039,Amazon,-3.028,APR,3.0091,0.682773233,1.751035659,3.55434104,1.649763074,3.603343903,1.718367083,2.662488922,1.590959638,3.636012479,1.809839096,3.609877618,1.891510535,3.515138749,1.966648259,2.845432946,1.914378538,3.322394152,2.071187701,2.985907822,2.175727144,1.767369947,1.835973956,2.535081477,2.260665441,2.00585055,2.254131725
APR 040,Amazon,-3.028,APR,2.791,1.427616759,1.486420196,4.109706827,1.502754484,4.148909118,1.56155792,3.312593579,1.430883617,4.168510263,1.649763074,4.139108545,1.741235086,4.067237679,1.796771665,3.430200452,1.718367083,3.894094227,1.891510535,3.636012479,1.963381401,2.43707575,1.623628214,3.103514694,2.015651123,2.682090068,1.999316835
APR 041,Amazon,-3.028,APR,3.3794,0.999658417,1.45375162,4.243647987,1.404748756,4.299184566,1.483153338,3.299526149,1.342678463,4.328586284,1.57462535,4.292650851,1.679164793,4.178310836,1.764103089,3.368130158,1.653029932,3.959431379,1.868642532,3.649079909,1.960114544,2.165926571,1.57462535,3.100247837,2.041785983,2.58408434,2.048319698
APR 043,Amazon,-3.028,APR,2.734,1.623628214,1.77717052,4.259982275,1.69549908,4.292650851,1.757569374,3.440001024,1.662830505,4.315518854,1.852308244,4.286117136,1.930712826,4.181577694,2.012384265,3.590276473,1.953580829,4.021501673,2.090788847,3.737285064,2.182260859,2.600418628,1.891510535,3.286458719,2.241064295,2.829098658,2.254131725
APR 044,Amazon,-3.028,APR,3.0643,0.588034363,1.610560784,3.489003888,1.54849049,3.557607897,1.636695644,2.593884913,1.483153338,3.577209043,1.744501944,3.547807324,1.842507671,3.453068455,1.914378538,2.737626646,1.832707099,3.23092214,2.01891798,2.900969525,2.110389992,1.653029932,1.715100226,2.43707575,2.169193429,1.933979683,2.162659713
APR 045,Amazon,-3.028,APR,2.7603,1.512555056,1.479886481,4.165243406,1.401481899,4.204445697,1.479886481,3.332194725,1.349212178,4.207712554,1.555024205,4.181577694,1.630161929,4.080305109,1.698765938,3.443267882,1.623628214,3.874493082,1.786971092,3.609877618,1.868642532,2.482811756,1.571358493,3.181919276,1.930712826,2.724559216,1.933979683
APR 046,Amazon,-3.028,APR,2.8718,1.13033272,1.623628214,3.874493082,1.564824778,3.923495945,1.636695644,3.031643828,1.509288199,3.939830233,1.715100226,3.920229088,1.80330538,3.80915593,1.865375674,3.145983843,1.77717052,3.583742758,1.960114544,3.309326722,2.041785983,2.136524853,1.715100226,2.881368379,2.110389992,2.443609465,2.12672428
APR 047,Amazon,-3.028,APR,2.9877,1.025793278,1.46681905,3.900627942,1.388414469,3.962698236,1.463552193,3.074112976,1.33287789,3.982299382,1.56155792,3.946363948,1.65629679,3.854891936,1.728167656,3.185186134,1.653029932,3.658880482,1.822906526,3.3648633,1.917645395,2.094055704,1.590959638,2.848699804,1.986249404,2.397873459,1.996049977
APR 048,Amazon,-3.028,APR,2.9645,1.156467581,1.296942457,3.969231951,1.316543602,4.018234815,1.391681326,3.132916413,1.231605305,4.044369676,1.483153338,4.0117011,1.56155792,3.913695373,1.639962502,3.283191861,1.545223632,3.743818779,1.728167656,3.400798734,1.809839096,2.224730007,1.450484762,2.966306676,1.871909389,2.499146043,1.862108817
APR 049,Amazon,-3.028,APR,3.2936,1.123799005,1.339411605,4.214246269,1.10419786,4.308985139,1.208737302,3.292992434,1.11726529,4.351454287,1.310009887,4.318785712,1.394948184,4.217513127,1.470085908,3.45960217,1.434150475,4.021501673,1.57462535,3.67521477,1.69549908,2.326002592,1.408015614,3.175385561,1.800038523,2.639620919,1.813105953
APR 050,Amazon,-3.028,APR,2.7205,0.908186405,1.189136157,3.475936458,1.081329857,3.544540467,1.163001296,2.652688349,1.064995569,3.577209043,1.257740166,3.55434104,1.33287789,3.469402743,1.404748756,2.78662951,1.342678463,3.279925003,1.496220768,2.979374107,1.600760211,1.816372811,1.277341311,2.535081477,1.662830505,2.038519126,1.666097362
APR 052,Amazon,-3.028,APR,2.7967,0.849382969,1.44068419,3.515138749,1.473352765,3.56740847,1.56155792,2.662488922,1.404748756,3.573942185,1.636695644,3.547807324,1.721633941,3.44653474,1.793504808,2.81276437,1.68243165,3.240722713,1.875176247,2.972840392,1.940513398,1.855575102,1.613827641,2.541615192,1.979715689,2.080988274,1.979715689
APR 053,Amazon,-3.028,APR,3.102,0.748110384,1.904577965,3.724217633,1.800038523,3.773220497,1.868642532,2.819298086,1.737968229,3.802622215,1.966648259,3.78302107,2.041785983,3.685015342,2.110389992,3.008775825,2.051586556,3.489003888,2.218196292,3.129649555,2.322735734,1.907844823,1.986249404,2.655955207,2.391339744,2.175727144,2.391339744
ARS 002,Amazon,-2.864,ARS,2.5121,1.10419786,1.741235086,3.515138749,1.685698508,3.547807324,1.741235086,2.858500376,1.626895071,3.573942185,1.822906526,3.570675327,1.901311108,3.485737031,1.966648259,2.90750324,1.88497682,3.299526149,2.061387129,3.051244973,2.143058568,2.00585055,1.842507671,2.708224928,2.205128862,2.231263722,2.22146315
ARS 003,Amazon,-2.864,ARS,3.0057,0.836315539,1.489687053,3.678481627,1.404748756,3.740551921,1.489687053,2.848699804,1.368813323,3.763419924,1.604027068,3.737285064,1.692232223,3.645813052,1.764103089,3.038177543,1.702032796,3.456335312,1.862108817,3.139450128,1.953580829,1.973181974,1.613827641,2.672289495,2.03198541,2.172460286,2.00585055
ARS 004,Amazon,-2.864,ARS,3.0195,1.182602441,1.813105953,4.063970821,1.767369947,4.116240542,1.839240814,3.172118703,1.724900799,4.155442833,1.940513398,4.148909118,2.03198541,4.041102818,2.107123135,3.315860437,2.022184838,3.825490218,2.205128862,3.534739894,2.296600874,2.296600874,1.940513398,3.064312404,2.368471741,2.567750052,2.358671168
ARS 005,Amazon,-2.864,ARS,2.9067,1.025793278,1.375347038,3.776487355,1.411282472,3.845091364,1.502754484,2.927104386,1.342678463,3.864692509,1.594226496,3.845091364,1.679164793,3.743818779,1.754302517,3.070846119,1.646496217,3.538006752,1.849041386,3.214587852,1.933979683,2.061387129,1.54849049,2.760494649,1.986249404,2.303134589,1.963381401
ARS 006,Amazon,-2.864,ARS,2.8672,1.280608169,1.770636805,4.005167385,1.839240814,4.057437106,1.91111168,3.204787279,1.737968229,4.077038251,2.01891798,4.054170248,2.10058942,3.956164521,2.172460286,3.273391288,2.028718553,3.799355358,2.237797438,3.44653474,2.299867731,2.326002592,1.904577965,3.054511831,2.326002592,2.561216337,2.316202019
ARS 007,Amazon,-2.864,ARS,2.9336,1.257740166,1.388414469,4.077038251,1.287141884,4.142375403,1.368813323,3.286458719,1.270807596,4.165243406,1.463552193,4.148909118,1.558291062,4.054170248,1.633428787,3.368130158,1.568091635,3.848358221,1.744501944,3.56740847,1.842507671,2.352137453,1.541956775,3.11004841,1.920912253,2.613486058,1.927445968
ARS 008,Amazon,-2.864,ARS,3.0717,1.283875026,2.041785983,4.181577694,1.950313971,4.24038113,2.038519126,3.260323858,1.920912253,4.273049706,2.12672428,4.263249133,2.218196292,4.155442833,2.293334016,3.420399879,2.201862004,3.959431379,2.371738598,3.662147339,2.46321061,2.35540431,2.159392856,3.139450128,2.538348334,2.639620919,2.55794948
ARS 009,Amazon,-2.864,ARS,3.1999,0.712174951,1.290408741,3.730751348,1.136866435,3.818956503,1.231605305,2.819298086,1.110731575,3.848358221,1.33287789,3.825490218,1.408015614,3.724217633,1.492953911,2.985907822,1.427616759,3.534739894,1.584425923,3.185186134,1.688965365,1.865375674,1.365546466,2.721292358,1.780437377,2.214929435,1.780437377
ARS 010,Amazon,-2.864,ARS,3.2727,1.038860708,1.66936422,4.148909118,1.68243165,4.207712554,1.783704235,3.162318131,1.626895071,4.243647987,1.891510535,4.230580557,1.982982547,4.13257483,2.071187701,3.289725576,1.966648259,3.881026797,2.175727144,3.524939321,2.276999728,2.188794574,1.852308244,2.963039819,2.319468877,2.499146043,2.309668304
ARS 011,Amazon,-2.864,ARS,3.0073,0.953922411,1.68243165,3.832023933,1.649763074,3.881026797,1.744501944,3.012042682,1.604027068,3.907161657,1.839240814,3.874493082,1.920912253,3.769953639,2.00585055,3.103514694,1.894777392,3.59354333,2.090788847,3.257057,2.165926571,2.035252268,1.813105953,2.809497513,2.224730007,2.303134589,2.22146315
ARS 012,Amazon,-2.864,ARS,2.887,1.00945899,1.46681905,3.7960885,1.457018478,3.848358221,1.538689917,3.008775825,1.391681326,3.858158794,1.630161929,3.822223361,1.711833368,3.724217633,1.786971092,3.096980979,1.708566511,3.547807324,1.878443105,3.201520422,1.966648259,2.048319698,1.600760211,2.721292358,2.015651123,2.296600874,2.002583692
ARS 013,Amazon,-2.864,ARS,2.8932,0.813447536,1.744501944,3.564141612,1.623628214,3.626211906,1.702032796,2.727826074,1.594226496,3.658880482,1.783704235,3.649079909,1.881709962,3.564141612,1.943780256,2.904236382,1.88497682,3.374663873,2.041785983,3.103514694,2.133257995,1.849041386,1.829440241,2.629820346,2.214929435,2.162659713,2.231263722
ARS 014,Amazon,-2.864,ARS,2.9779,1.094397287,1.362279608,3.913695373,1.234872163,3.988833097,1.339411605,3.080646691,1.208737302,4.021501673,1.427616759,4.005167385,1.506021341,3.89082737,1.597493353,3.214587852,1.525622487,3.678481627,1.705299653,3.397531876,1.806572238,2.175727144,1.470085908,2.936904958,1.878443105,2.492612328,1.894777392
ARS 016,Amazon,-2.864,ARS,2.8353,0.803646963,1.633428787,3.498804461,1.489687053,3.551074182,1.568091635,2.731092931,1.470085908,3.577209043,1.65629679,3.551074182,1.754302517,3.449801597,1.829440241,2.861767234,1.770636805,3.266857573,1.924179111,2.979374107,2.01891798,1.822906526,1.718367083,2.538348334,2.10058942,2.022184838,2.11365685
ARS 017,Amazon,-2.864,ARS,2.9487,0.744843527,1.538689917,3.547807324,1.587692781,3.603343903,1.68243165,2.714758643,1.512555056,3.626211906,1.767369947,3.596810188,1.849041386,3.482470173,1.924179111,2.802963798,1.813105953,3.273391288,2.009117407,2.976107249,2.080988274,1.800038523,1.69549908,2.505679759,2.136524853,2.045052841,2.107123135
ARS 019,Amazon,-2.864,ARS,2.4947,1.512555056,1.862108817,3.884293654,1.816372811,3.933296518,1.888243677,3.227655282,1.780437377,3.956164521,1.986249404,3.949630806,2.045052841,3.845091364,2.110389992,3.227655282,2.03198541,3.671947912,2.195328289,3.426933594,2.276999728,2.43707575,1.986249404,3.034910685,2.339070022,2.633087204,2.34233688
ARS 020,Amazon,-2.864,ARS,2.8733,1.23813902,1.143400151,3.975765666,1.179335584,4.028035388,1.254473308,3.12311584,1.094397287,4.057437106,1.349212178,4.028035388,1.424349902,3.943097091,1.492953911,3.250523285,1.394948184,3.743818779,1.57462535,3.456335312,1.646496217,2.263932298,1.274074454,2.976107249,1.692232223,2.541615192,1.692232223
RMO 001,Amazon,-9.223,RMO,2.7333,1.715100226,2.244331153,4.312251997,2.051586556,4.380856006,2.136524853,3.541273609,2.064653986,4.400457151,2.214929435,4.384122863,2.283533444,4.308985139,2.358671168,3.681748485,2.332536307,4.135841688,2.46321061,3.874493082,2.577550625,2.695157498,2.332536307,3.456335312,2.66575578,2.982640964,2.695157498
RMO 002,Amazon,-9.223,RMO,2.8968,0.953922411,1.146667008,3.720950776,1.146667008,3.769953639,1.21200416,2.887902095,1.058461854,3.789554785,1.293675599,3.773220497,1.378613896,3.671947912,1.443951047,3.031643828,1.362279608,3.505338176,1.522355629,3.194986707,1.604027068,2.002583692,1.264273881,2.734359789,1.65629679,2.296600874,1.672631077
RMO 003,Amazon,-9.223,RMO,2.9909,1.195669872,1.639962502,4.044369676,1.457018478,4.090105682,1.522355629,3.165584988,1.44068419,4.122774257,1.607293926,4.1195074,1.69549908,4.028035388,1.786971092,3.335461582,1.731434514,3.818956503,1.901311108,3.521672464,1.999316835,2.250864868,1.705299653,3.057778688,2.090788847,2.577550625,2.110389992
RMO 004,Amazon,-9.223,RMO,2.9065,0.986590987,2.090788847,3.766686782,1.966648259,3.815689645,2.03198541,2.933638101,1.943780256,3.845091364,2.123457423,3.818956503,2.214929435,3.714417061,2.306401447,3.064312404,2.23453058,3.515138749,2.414207747,3.276658146,2.499146043,2.038519126,2.192061432,2.825831801,2.587351198,2.339070022,2.593884913
RMO 005,Amazon,-9.223,RMO,3.2766,0.833048681,1.770636805,3.9038948,1.434150475,3.988833097,1.515821914,3.080646691,1.489687053,4.034569103,1.607293926,4.031302245,1.708566511,3.933296518,1.819639668,3.227655282,1.813105953,3.727484491,1.937246541,3.404065591,2.067920844,2.035252268,1.816372811,2.923837528,2.185527716,2.375005456,2.24759801
RMO 006,Amazon,-9.223,RMO,3.2156,0.715441809,1.54849049,3.753619352,1.675897935,3.825490218,1.79023795,2.933638101,1.57462535,3.841824506,1.878443105,3.812422788,1.969915117,3.698082773,2.041785983,3.012042682,1.907844823,3.492270746,2.120190565,3.162318131,2.188794574,1.865375674,1.744501944,2.669022637,2.224730007,2.152859141,2.192061432
RMO 007,Amazon,-9.223,RMO,2.9575,1.254473308,2.071187701,4.060703963,1.780437377,4.1195074,1.849041386,3.227655282,1.829440241,4.161976548,1.947047114,4.155442833,2.025451695,4.073771394,2.116923707,3.384464446,2.116923707,3.894094227,2.241064295,3.590276473,2.371738598,2.339070022,2.129991138,3.155784416,2.47627804,2.714758643,2.518747189
RMO 008,Amazon,-9.223,RMO,3.2347,0.744843527,1.401481899,3.854891936,1.417816187,3.900627942,1.502754484,2.959772961,1.33287789,3.923495945,1.590959638,3.897361085,1.685698508,3.7960885,1.760836232,3.051244973,1.65629679,3.626211906,1.845774529,3.35179587,1.943780256,1.904577965,1.607293926,2.822564943,2.028718553,2.332536307,2.038519126
RMO 009,Amazon,-9.223,RMO,3.1294,1.074796142,1.56155792,4.077038251,1.352479035,4.129307972,1.414549329,3.204787279,1.336144747,4.161976548,1.502754484,4.158709691,1.600760211,4.044369676,1.69549908,3.312593579,1.646496217,3.851625079,1.809839096,3.531473037,1.920912253,2.198595147,1.610560784,3.02837697,2.022184838,2.554682622,2.051586556
RMO 010,Amazon,-9.223,RMO,2.9108,1.202203587,1.568091635,3.985566239,1.411282472,4.018234815,1.479886481,3.1492507,1.381880753,4.054170248,1.587692781,4.031302245,1.675897935,3.926762803,1.754302517,3.257057,1.68243165,3.753619352,1.842507671,3.44653474,1.950313971,2.250864868,1.643229359,3.012042682,2.048319698,2.544882049,2.074454559
RMO 011,Amazon,-9.223,RMO,3.248,0.663172087,1.633428787,3.776487355,1.33287789,3.854891936,1.411282472,2.842166089,1.375347038,3.9038948,1.515821914,3.900627942,1.604027068,3.7960885,1.708566511,3.038177543,1.688965365,3.551074182,1.832707099,3.188452991,1.950313971,1.806572238,1.68243165,2.708224928,2.067920844,2.149592283,2.110389992
RMO 012,Amazon,-9.223,RMO,2.9569,1.087863572,1.202203587,3.91696223,1.169535011,3.962698236,1.23813902,3.11004841,1.123799005,3.988833097,1.31981046,3.962698236,1.408015614,3.9038948,1.470085908,3.24398957,1.427616759,3.720950776,1.581159065,3.413866164,1.679164793,2.146325426,1.349212178,2.966306676,1.747768802,2.479544898,1.757569374
RMO 013,Amazon,-9.223,RMO,3.214,1.274074454,1.45375162,4.331853142,1.388414469,4.387389721,1.460285335,3.44653474,1.34594532,4.420058296,1.555024205,4.393923436,1.639962502,4.292650851,1.724900799,3.570675327,1.662830505,4.099906254,1.829440241,3.786287927,1.933979683,2.397873459,1.587692781,3.250523285,2.012384265,2.757227792,2.015651123
RMO 014,Amazon,-9.223,RMO,2.8753,1.202203587,1.535423059,3.93002966,1.368813323,3.992099954,1.443951047,3.034910685,1.352479035,4.02476853,1.528889344,4.005167385,1.604027068,3.923495945,1.679164793,3.224388425,1.626895071,3.727484491,1.773903662,3.453068455,1.878443105,2.23453058,1.607293926,2.966306676,1.969915117,2.528547762,2.002583692
RMO 015,Amazon,-9.223,RMO,3.0817,0.738309812,1.708566511,3.665414197,1.44068419,3.724217633,1.506021341,2.793163225,1.450484762,3.760153067,1.604027068,3.750352494,1.69549908,3.662147339,1.783704235,2.985907822,1.747768802,3.44653474,1.891510535,3.152517558,1.999316835,1.839240814,1.741235086,2.688623783,2.107123135,2.185527716,2.129991138
RMO 016,Amazon,-9.223,RMO,2.5963,1.185869299,2.381539171,3.671947912,2.192061432,3.70134963,2.241064295,2.923837528,2.185527716,3.720950776,2.319468877,3.694815915,2.407674031,3.639279336,2.473011183,3.031643828,2.424008319,3.475936458,2.554682622,3.198253564,2.655955207,2.12672428,2.433808892,2.802963798,2.744160361,2.335803165,2.770295222
RMO 017,Amazon,-9.223,RMO,2.9852,0.499829209,2.55794948,3.270124431,1.950313971,3.33872844,2.015651123,2.407674031,2.084255132,3.381197588,2.110389992,3.381197588,2.195328289,3.289725576,2.290067159,2.626553489,2.345603737,3.119848982,2.414207747,2.861767234,2.554682622,1.571358493,2.459943753,2.410940889,2.731092931,1.963381401,2.81276437
RMO 018,Amazon,-9.223,RMO,3.1777,0.718708666,1.381880753,3.740551921,1.215271017,3.779754212,1.274074454,2.868300949,1.185869299,3.822223361,1.381880753,3.80915593,1.473352765,3.707883345,1.558291062,2.998975252,1.509288199,3.489003888,1.66936422,3.175385561,1.773903662,1.852308244,1.44068419,2.655955207,1.871909389,2.169193429,1.888243677
RMO 019,Amazon,-9.223,RMO,2.8765,0.584767506,1.581159065,3.325661009,1.509288199,3.381197588,1.584425923,2.482811756,1.483153338,3.407332449,1.675897935,3.381197588,1.757569374,3.276658146,1.845774529,2.636354062,1.773903662,3.096980979,1.947047114,2.789896367,2.045052841,1.584425923,1.715100226,2.348870595,2.103856277,1.868642532,2.097322562
RMO 020,Amazon,-9.223,RMO,3.1087,0.849382969,1.65629679,3.818956503,1.401481899,3.881026797,1.476619623,2.917303813,1.391681326,3.900627942,1.555024205,3.9038948,1.646496217,3.802622215,1.724900799,3.044711258,1.688965365,3.613144476,1.832707099,3.299526149,1.953580829,1.963381401,1.708566511,2.802963798,2.061387129,2.322735734,2.11365685
RMO 021,Amazon,-9.223,RMO,3.1119,0.953922411,1.584425923,3.920229088,1.368813323,3.979032524,1.447217905,3.00224211,1.355745893,4.005167385,1.528889344,4.001900527,1.620361356,3.9038948,1.711833368,3.1492507,1.662830505,3.714417061,1.816372811,3.433467309,1.917645395,2.038519126,1.65629679,2.917303813,2.03198541,2.378272313,2.048319698
RMO 022,Amazon,-9.223,RMO,2.5603,1.032326993,1.940513398,3.430200452,1.953580829,3.498804461,2.03198541,2.714758643,1.89804425,3.518405606,2.110389992,3.502071318,2.192061432,3.423666737,2.250864868,2.822564943,2.169193429,3.279925003,2.32926945,3.008775825,2.407674031,1.937246541,2.094055704,2.623286631,2.469744325,2.185527716,2.453410037
RMO 023,Amazon,-9.223,RMO,3.0481,1.270807596,0.503096066,4.158709691,0.542298357,4.214246269,0.630503512,3.35179587,0.476961206,4.243647987,0.715441809,4.220779984,0.813447536,4.135841688,0.885318402,3.475936458,0.806913821,3.920229088,0.980057272,3.606610761,1.055194996,2.335803165,0.666438945,3.139450128,1.113998432,2.649421492,1.113998432
RMO 024,Amazon,-9.223,RMO,3.1029,0.774245245,2.433808892,3.734018206,2.198595147,3.7960885,2.267199156,2.81276437,2.211662577,3.835290791,2.361938025,3.818956503,2.453410037,3.698082773,2.551415765,3.054511831,2.518747189,3.518405606,2.659222065,3.208054137,2.783362652,1.868642532,2.508946616,2.704958071,2.881368379,2.205128862,2.917303813
RMO 025,Amazon,-9.223,RMO,3.1657,1.120532148,1.437417332,4.116240542,0.980057272,4.191378266,1.045394423,3.302793006,1.051928139,4.220779984,1.140133293,4.214246269,1.23813902,4.112973685,1.326344175,3.453068455,1.342678463,3.923495945,1.447217905,3.658880482,1.57462535,2.263932298,1.394948184,3.162318131,1.715100226,2.682090068,1.780437377
RMO 026,Amazon,-9.223,RMO,2.9671,0.839582396,2.201862004,3.655613624,1.862108817,3.714417061,1.927445968,2.77356208,1.88497682,3.747085636,2.012384265,3.737285064,2.097322562,3.636012479,2.175727144,2.940171816,2.159392856,3.4726696,2.290067159,3.211320994,2.404407174,1.901311108,2.205128862,2.760494649,2.518747189,2.260665441,2.574283768
RMO 027,Amazon,-9.223,RMO,3.253,0.868984114,2.038519126,3.936563376,1.865375674,4.0117011,1.950313971,2.982640964,1.858841959,4.054170248,2.048319698,4.041102818,2.133257995,3.926762803,2.227996865,3.211320994,2.178994001,3.717683918,2.339070022,3.394265018,2.446876322,2.035252268,2.133257995,2.881368379,2.538348334,2.388072886,2.57101691
RMO 028,Amazon,-9.223,RMO,3.099,0.957189269,1.937246541,3.969231951,1.734701371,4.021501673,1.806572238,3.044711258,1.731434514,4.057437106,1.891510535,4.057437106,1.989516262,3.939830233,2.077721416,3.194986707,2.035252268,3.691549058,2.192061432,3.397531876,2.293334016,2.094055704,2.002583692,2.936904958,2.410940889,2.375005456,2.440342607
RMO 029,Amazon,-9.223,RMO,3.0714,1.055194996,1.620361356,3.972498809,1.509288199,4.034569103,1.594226496,3.090447264,1.473352765,4.057437106,1.68243165,4.047636533,1.773903662,3.969231951,1.852308244,3.24398957,1.780437377,3.789554785,1.950313971,3.456335312,2.067920844,2.143058568,1.728167656,2.949972389,2.152859141,2.479544898,2.159392856
RMO 030,Amazon,-9.223,RMO,3.169,0.882051545,1.718367083,3.952897663,1.613827641,4.008434242,1.705299653,3.012042682,1.577892208,4.041102818,1.783704235,4.018234815,1.865375674,3.910428515,1.947047114,3.162318131,1.888243677,3.70134963,2.045052841,3.407332449,2.165926571,2.015651123,1.819639668,2.89443581,2.244331153,2.381539171,2.231263722
RMO 031,Amazon,-9.223,RMO,2.8769,0.976790414,1.69549908,3.694815915,1.434150475,3.786287927,1.519088771,2.910770098,1.460285335,3.805889073,1.590959638,3.78302107,1.68243165,3.711150203,1.747768802,3.054511831,1.734701371,3.528206179,1.852308244,3.279925003,1.966648259,1.99278312,1.724900799,2.789896367,2.087521989,2.339070022,2.123457423
RMO 032,Amazon,-9.223,RMO,3.2487,0.790579533,1.398215041,3.894094227,1.261007023,3.943097091,1.336144747,2.995708395,1.23813902,3.975765666,1.427616759,3.959431379,1.525622487,3.861425651,1.607293926,3.132916413,1.551757347,3.655613624,1.705299653,3.322394152,1.826173383,1.953580829,1.509288199,2.79969694,1.917645395,2.319468877,1.930712826
RMO 033,Amazon,-9.223,RMO,2.7693,1.087863572,1.166268154,3.717683918,1.163001296,3.763419924,1.234872163,2.90750324,1.100931002,3.799355358,1.339411605,3.779754212,1.408015614,3.6882822,1.483153338,3.005508967,1.388414469,3.511871891,1.571358493,3.224388425,1.646496217,2.048319698,1.306743029,2.757227792,1.702032796,2.276999728,1.679164793
RMO 034,Amazon,-9.223,RMO,3.1764,0.663172087,1.708566511,3.652346767,1.653029932,3.724217633,1.741235086,2.796430083,1.620361356,3.753619352,1.852308244,3.730751348,1.940513398,3.626211906,2.03198541,2.927104386,1.937246541,3.443267882,2.12672428,3.113315267,2.231263722,1.754302517,1.829440241,2.57101691,2.296600874,2.11365685,2.276999728
RMO 035,Amazon,-9.223,RMO,3.0099,1.306743029,1.646496217,4.204445697,1.56155792,4.26651599,1.646496217,3.371397015,1.515821914,4.289383993,1.731434514,4.256715418,1.822906526,4.155442833,1.904577965,3.449801597,1.819639668,3.962698236,1.996049977,3.645813052,2.090788847,2.407674031,1.754302517,3.172118703,2.162659713,2.718025501,2.159392856
RMO 036,Amazon,-9.223,RMO,3.0141,1.176068726,1.11726529,4.050903391,1.035593851,4.109706827,1.11726529,3.211320994,0.986590987,4.152175975,1.21200416,4.135841688,1.316543602,4.02476853,1.388414469,3.325661009,1.300209314,3.815689645,1.470085908,3.495537603,1.564824778,2.214929435,1.234872163,3.02837697,1.639962502,2.525280904,1.646496217
RMO 037,Amazon,-9.223,RMO,3.156,1.058461854,1.956847686,4.044369676,1.721633941,4.109706827,1.80330538,3.165584988,1.741235086,4.135841688,1.894777392,4.129307972,1.989516262,4.028035388,2.080988274,3.276658146,2.022184838,3.848358221,2.201862004,3.518405606,2.319468877,2.162659713,2.012384265,3.047978116,2.410940889,2.508946616,2.43707575
RMO 038,Amazon,-9.223,RMO,2.8494,0.67297266,1.702032796,3.394265018,1.747768802,3.440001024,1.822906526,2.597151771,1.672631077,3.453068455,1.891510535,3.440001024,1.976448832,3.341995297,2.061387129,2.67882321,1.953580829,3.1492507,2.152859141,2.842166089,2.227996865,1.708566511,1.862108817,2.410940889,2.286800301,1.940513398,2.267199156
RMO 039,Amazon,-9.223,RMO,2.8314,1.198936729,1.499487626,3.913695373,1.522355629,3.962698236,1.604027068,3.11004841,1.457018478,3.982299382,1.692232223,3.952897663,1.780437377,3.845091364,1.852308244,3.23092214,1.764103089,3.645813052,1.933979683,3.335461582,2.015651123,2.188794574,1.659563647,2.891168952,2.071187701,2.424008319,2.058120271
RMO 040,Amazon,-9.223,RMO,2.9244,1.316543602,1.711833368,4.080305109,1.581159065,4.14564226,1.649763074,3.296259291,1.568091635,4.171777121,1.734701371,4.158709691,1.819639668,4.067237679,1.91111168,3.413866164,1.868642532,3.881026797,2.015651123,3.59354333,2.11365685,2.361938025,1.816372811,3.11004841,2.214929435,2.642887777,2.231263722
RMO 041,Amazon,-9.223,RMO,2.8579,1.290408741,1.463552193,3.992099954,1.365546466,4.057437106,1.44068419,3.185186134,1.33287789,4.083571966,1.535423059,4.077038251,1.620361356,3.969231951,1.708566511,3.302793006,1.633428787,3.753619352,1.806572238,3.45960217,1.881709962,2.257398583,1.558291062,3.00224211,1.947047114,2.564483195,1.950313971
RMO 042,Amazon,-9.223,RMO,3.2487,1.195669872,1.77717052,4.279583421,1.600760211,4.351454287,1.688965365,3.276658146,1.610560784,4.384122863,1.767369947,4.371055433,1.849041386,4.25344856,1.943780256,3.489003888,1.907844823,4.060703963,2.051586556,3.707883345,2.172460286,2.345603737,1.881709962,3.201520422,2.260665441,2.695157498,2.283533444
RMO 043,Amazon,-9.223,RMO,2.7731,1.46681905,1.626895071,4.090105682,1.45375162,4.168510263,1.545223632,3.328927867,1.427616759,4.191378266,1.643229359,4.168510263,1.721633941,4.083571966,1.786971092,3.456335312,1.711833368,3.887560512,1.881709962,3.626211906,1.950313971,2.453410037,1.688965365,3.172118703,2.038519126,2.737626646,2.061387129
RMO 044,Amazon,-9.223,RMO,3.1246,0.725242381,1.711833368,3.724217633,1.486420196,3.763419924,1.56155792,2.825831801,1.486420196,3.792821642,1.653029932,3.769953639,1.728167656,3.681748485,1.813105953,2.966306676,1.780437377,3.489003888,1.920912253,3.178652419,2.045052841,1.835973956,1.767369947,2.672289495,2.13979171,2.198595147,2.165926571
RMO 045,Amazon,-9.223,RMO,3.1466,1.372080181,1.388414469,4.354721145,1.244672735,4.426592012,1.336144747,3.4726696,1.228338447,4.46906116,1.434150475,4.452726872,1.515821914,4.357988003,1.600760211,3.609877618,1.522355629,4.142375403,1.718367083,3.841824506,1.816372811,2.479544898,1.463552193,3.377930731,1.871909389,2.855233519,1.878443105
RPV 001,Amazon,-8.742,RPV,2.6333,0.963722984,1.34594532,3.482470173,1.430883617,3.524939321,1.499487626,2.744160361,1.34594532,3.547807324,1.571358493,3.538006752,1.643229359,3.456335312,1.721633941,2.855233519,1.617094499,3.260323858,1.806572238,2.982640964,1.871909389,1.914378538,1.509288199,2.55794948,1.917645395,2.13979171,1.891510535
RPV 002,Amazon,-8.742,RPV,3.1247,1.179335584,1.538689917,4.171777121,1.45375162,4.217513127,1.515821914,3.302793006,1.401481899,4.246914845,1.610560784,4.230580557,1.711833368,4.122774257,1.796771665,3.384464446,1.718367083,3.910428515,1.914378538,3.59354333,2.015651123,2.352137453,1.685698508,3.116582125,2.097322562,2.544882049,2.123457423
RPV 003,Amazon,-8.742,RPV,3.2397,1.084596714,1.901311108,4.188111409,1.737968229,4.237114272,1.809839096,3.257057,1.718367083,4.263249133,1.907844823,4.25344856,2.00585055,4.158709691,2.084255132,3.413866164,2.035252268,3.965965094,2.195328289,3.636012479,2.322735734,2.237797438,1.996049977,3.113315267,2.414207747,2.597151771,2.443609465
RPV 004,Amazon,-8.742,RPV,2.8935,1.352479035,2.035252268,4.109706827,2.054853413,4.148909118,2.12672428,3.270124431,1.986249404,4.168510263,2.208395719,4.139108545,2.299867731,4.063970821,2.361938025,3.335461582,2.254131725,3.874493082,2.446876322,3.577209043,2.528547762,2.345603737,2.188794574,3.096980979,2.590618055,2.629820346,2.574283768
RPV 005,Amazon,-8.742,RPV,2.9023,1.352479035,1.097664145,4.126041115,0.99639156,4.171777121,1.064995569,3.306059864,0.980057272,4.207712554,1.163001296,4.175043978,1.270807596,4.086838824,1.336144747,3.430200452,1.267540738,3.884293654,1.44068419,3.590276473,1.528889344,2.401140316,1.218537875,3.129649555,1.594226496,2.652688349,1.587692781
RPV 006,Amazon,-8.742,RPV,2.9291,1.136866435,1.541956775,3.936563376,1.463552193,3.995366812,1.535423059,3.11004841,1.427616759,4.0117011,1.610560784,3.998633669,1.702032796,3.913695373,1.767369947,3.273391288,1.705299653,3.714417061,1.868642532,3.426933594,1.963381401,2.178994001,1.646496217,2.969573534,2.045052841,2.459943753,2.022184838
RPV 007,Amazon,-8.742,RPV,2.8655,0.588034363,0.970256699,3.358329585,1.10419786,3.384464446,1.163001296,2.489345471,0.980057272,3.390998161,1.251206451,3.3648633,1.31981046,3.260323858,1.394948184,2.597151771,1.264273881,3.067579261,1.463552193,2.753960934,1.528889344,1.597493353,1.140133293,2.303134589,1.56155792,1.852308244,1.535423059
RPV 008,Amazon,-8.742,RPV,3.0936,1.078062999,2.473011183,3.985566239,2.322735734,4.070504536,2.401140316,3.090447264,2.312935162,4.106439969,2.512213474,4.093372539,2.597151771,3.992099954,2.69189064,3.237455855,2.623286631,3.773220497,2.809497513,3.462869027,2.910770098,2.156125998,2.580817483,2.936904958,2.995708395,2.404407174,2.995708395
RPV 009,Amazon,-8.742,RPV,2.978,0.712174951,1.084596714,3.557607897,0.980057272,3.616411333,1.055194996,2.760494649,0.953922411,3.632745621,1.156467581,3.606610761,1.251206451,3.508605034,1.323077317,2.887902095,1.264273881,3.319127294,1.417816187,3.021843255,1.509288199,1.826173383,1.185869299,2.58408434,1.597493353,2.107123135,1.604027068
RPV 010,Amazon,-8.742,RPV,2.8886,0.542298357,1.316543602,3.306059864,1.182602441,3.358329585,1.254473308,2.525280904,1.182602441,3.384464446,1.339411605,3.377930731,1.44068419,3.296259291,1.512555056,2.616752916,1.463552193,3.113315267,1.617094499,2.816031228,1.721633941,1.594226496,1.417816187,2.332536307,1.800038523,1.868642532,1.809839096
RPV 011,Amazon,-8.742,RPV,2.9577,1.10419786,2.384806028,3.926762803,2.375005456,3.969231951,2.43707575,3.126382697,2.286800301,3.982299382,2.515480331,3.979032524,2.610219201,3.874493082,2.69189064,3.240722713,2.58408434,3.707883345,2.770295222,3.387731303,2.855233519,2.165926571,2.508946616,2.936904958,2.90750324,2.459943753,2.917303813
RPV 012,Amazon,-8.742,RPV,2.9869,0.574966933,1.280608169,3.430200452,1.185869299,3.469402743,1.254473308,2.603685486,1.149933866,3.495537603,1.349212178,3.479203315,1.443951047,3.387731303,1.522355629,2.757227792,1.447217905,3.181919276,1.617094499,2.910770098,1.711833368,1.643229359,1.401481899,2.420741462,1.77717052,1.937246541,1.780437377
RPV 014,Amazon,-8.742,RPV,3.0855,0.878784687,1.858841959,3.799355358,1.780437377,3.874493082,1.881709962,2.989174679,1.747768802,3.894094227,1.976448832,3.877759939,2.064653986,3.773220497,2.133257995,3.113315267,2.058120271,3.570675327,2.241064295,3.289725576,2.32926945,2.009117407,2.009117407,2.767028364,2.410940889,2.316202019,2.427275177
RPV 015,Amazon,-8.742,RPV,3.0409,0.865717257,1.545223632,3.773220497,1.470085908,3.835290791,1.558291062,2.927104386,1.427616759,3.848358221,1.643229359,3.822223361,1.728167656,3.753619352,1.796771665,3.044711258,1.718367083,3.538006752,1.881709962,3.224388425,1.973181974,1.966648259,1.66936422,2.718025501,2.058120271,2.244331153,2.067920844
RPV 016,Amazon,-8.742,RPV,2.5153,1.564824778,2.13979171,3.972498809,2.01891798,4.018234815,2.090788847,3.23092214,1.99278312,4.041102818,2.172460286,4.028035388,2.244331153,3.936563376,2.319468877,3.368130158,2.267199156,3.773220497,2.407674031,3.518405606,2.502412901,2.446876322,2.227996865,3.096980979,2.577550625,2.675556352,2.587351198
RPV 017,Amazon,-8.742,RPV,2.8236,1.35901275,2.022184838,4.057437106,1.976448832,4.112973685,2.064653986,3.253790143,1.930712826,4.13257483,2.13979171,4.112973685,2.218196292,4.0117011,2.286800301,3.368130158,2.208395719,3.864692509,2.371738598,3.538006752,2.466477468,2.358671168,2.143058568,3.103514694,2.538348334,2.593884913,2.499146043
RPV 018,Amazon,-8.742,RPV,3.0539,1.270807596,1.587692781,4.171777121,1.486420196,4.246914845,1.587692781,3.302793006,1.463552193,4.279583421,1.672631077,4.259982275,1.760836232,4.139108545,1.839240814,3.423666737,1.754302517,3.926762803,1.930712826,3.596810188,2.025451695,2.322735734,1.685698508,3.129649555,2.097322562,2.642887777,2.097322562
RPV 019,Amazon,-8.742,RPV,2.9977,1.019259563,1.871909389,3.858158794,1.832707099,3.936563376,1.940513398,3.025110113,1.754302517,3.959431379,2.015651123,3.933296518,2.094055704,3.838557648,2.165926571,3.126382697,2.054853413,3.632745621,2.263932298,3.35179587,2.345603737,2.03198541,1.989516262,2.832365516,2.417474604,2.378272313,2.433808892
RPV 020,Amazon,-8.742,RPV,2.52,1.447217905,1.46681905,3.867959367,1.368813323,3.900627942,1.430883617,3.129649555,1.31981046,3.920229088,1.499487626,3.913695373,1.581159065,3.835290791,1.65629679,3.237455855,1.584425923,3.636012479,1.760836232,3.404065591,1.826173383,2.35540431,1.551757347,2.985907822,1.894777392,2.580817483,1.91111168
RPV 021,Amazon,-8.742,RPV,3.08,0.836315539,1.336144747,3.753619352,1.198936729,3.825490218,1.296942457,2.904236382,1.172801869,3.851625079,1.388414469,3.832023933,1.473352765,3.727484491,1.558291062,3.018576398,1.473352765,3.538006752,1.649763074,3.221121567,1.760836232,1.989516262,1.447217905,2.747427219,1.832707099,2.280266586,1.849041386
RPV 022,Amazon,-8.742,RPV,3.0086,1.486420196,1.920912253,4.351454287,1.770636805,4.406990866,1.849041386,3.505338176,1.767369947,4.433125727,1.930712826,4.423325154,2.03198541,4.328586284,2.120190565,3.636012479,2.071187701,4.139108545,2.227996865,3.812422788,2.335803165,2.544882049,2.03198541,3.322394152,2.410940889,2.835632373,2.43707575
RPV 023,Amazon,-8.742,RPV,3.1525,0.833048681,1.871909389,3.828757076,1.607293926,3.9038948,1.692232223,2.972840392,1.617094499,3.923495945,1.767369947,3.923495945,1.862108817,3.845091364,1.940513398,3.142716985,1.924179111,3.629478764,2.071187701,3.319127294,2.185527716,1.996049977,1.920912253,2.848699804,2.293334016,2.348870595,2.345603737
RPV 024,Amazon,-8.742,RPV,3.1929,0.594568078,1.33287789,3.626211906,1.365546466,3.694815915,1.460285335,2.708224928,1.313276744,3.720950776,1.545223632,3.711150203,1.653029932,3.59354333,1.734701371,2.858500376,1.639962502,3.3648633,1.842507671,3.031643828,1.927445968,1.757569374,1.525622487,2.522014046,1.969915117,1.986249404,1.953580829
RPV 025,Amazon,-8.742,RPV,3.1198,1.228338447,1.894777392,4.194645124,1.773903662,4.263249133,1.862108817,3.328927867,1.744501944,4.279583421,1.940513398,4.259982275,2.025451695,4.168510263,2.10058942,3.469402743,2.045052841,3.982299382,2.211662577,3.668681055,2.319468877,2.348870595,1.996049977,3.159051273,2.388072886,2.626553489,2.394606601
RPV 026,Amazon,-8.742,RPV,2.9795,0.751377242,1.679164793,3.59354333,1.731434514,3.645813052,1.813105953,2.776828937,1.639962502,3.665414197,1.901311108,3.642546194,1.982982547,3.538006752,2.061387129,2.855233519,1.947047114,3.332194725,2.146325426,3.021843255,2.224730007,1.809839096,1.855575102,2.580817483,2.276999728,2.120190565,2.267199156
RPV 027,Amazon,-8.742,RPV,3.0598,0.748110384,1.274074454,3.639279336,1.33287789,3.685015342,1.404748756,2.832365516,1.267540738,3.727484491,1.515821914,3.691549058,1.617094499,3.587009615,1.685698508,2.936904958,1.564824778,3.374663873,1.770636805,3.047978116,1.832707099,1.832707099,1.450484762,2.57101691,1.875176247,2.10058942,1.858841959
RPV 028,Amazon,-8.742,RPV,3.0264,0.846116111,0.895118975,3.750352494,0.770978387,3.7960885,0.839582396,2.858500376,0.721975524,3.822223361,0.917986978,3.802622215,0.999658417,3.70134963,1.084596714,2.995708395,1.02252642,3.498804461,1.172801869,3.204787279,1.277341311,1.930712826,0.98332413,2.721292358,1.35901275,2.24759801,1.372080181
RPV 030,Amazon,-8.742,RPV,3.0664,1.133599578,1.313276744,4.054170248,1.163001296,4.112973685,1.234872163,3.175385561,1.136866435,4.14564226,1.323077317,4.126041115,1.411282472,4.021501673,1.479886481,3.328927867,1.443951047,3.812422788,1.587692781,3.508605034,1.69549908,2.241064295,1.404748756,3.018576398,1.786971092,2.551415765,1.800038523
RPV 031,Amazon,-8.742,RPV,2.7333,0.787312675,1.283875026,3.371397015,1.192403014,3.433467309,1.254473308,2.597151771,1.166268154,3.45960217,1.329611032,3.456335312,1.417816187,3.3648633,1.506021341,2.721292358,1.437417332,3.145983843,1.617094499,2.90750324,1.698765938,1.737968229,1.398215041,2.486078613,1.77717052,2.01891798,1.79023795
RPV 032,Amazon,-8.742,RPV,2.7956,1.025793278,1.372080181,3.694815915,1.277341311,3.743818779,1.339411605,2.900969525,1.254473308,3.769953639,1.411282472,3.740551921,1.509288199,3.665414197,1.587692781,3.02837697,1.528889344,3.492270746,1.672631077,3.214587852,1.77717052,2.012384265,1.476619623,2.757227792,1.845774529,2.306401447,1.855575102
RPV 033,Amazon,-8.742,RPV,2.8132,0.963722984,1.221804732,3.662147339,1.218537875,3.711150203,1.303476172,2.90750324,1.159734438,3.737285064,1.388414469,3.707883345,1.470085908,3.626211906,1.535423059,2.985907822,1.437417332,3.426933594,1.620361356,3.126382697,1.698765938,1.99278312,1.34594532,2.688623783,1.744501944,2.211662577,1.724900799
RPV 034,Amazon,-8.742,RPV,2.8021,1.198936729,1.499487626,3.858158794,1.457018478,3.907161657,1.535423059,3.038177543,1.375347038,3.923495945,1.626895071,3.894094227,1.698765938,3.779754212,1.77717052,3.080646691,1.672631077,3.551074182,1.862108817,3.214587852,1.943780256,2.12672428,1.604027068,2.659222065,1.943780256,2.244331153,1.924179111
RPV 035,Amazon,-8.742,RPV,2.9361,0.725242381,1.597493353,3.524939321,1.604027068,3.570675327,1.672631077,2.688623783,1.525622487,3.590276473,1.757569374,3.577209043,1.849041386,3.479203315,1.914378538,2.819298086,1.826173383,3.263590716,2.00585055,2.998975252,2.090788847,1.783704235,1.734701371,2.515480331,2.149592283,2.00585055,2.136524853
RPV 036,Amazon,-8.742,RPV,2.8087,1.205470444,1.192403014,3.894094227,1.029060136,3.949630806,1.113998432,3.145983843,1.029060136,3.969231951,1.195669872,3.946363948,1.280608169,3.881026797,1.352479035,3.289725576,1.303476172,3.704616488,1.45375162,3.426933594,1.541956775,2.201862004,1.251206451,2.998975252,1.630161929,2.518747189,1.636695644
RPV 037,Amazon,-8.742,RPV,3.1236,1.257740166,1.541956775,4.191378266,1.512555056,4.25344856,1.607293926,3.312593579,1.46681905,4.299184566,1.702032796,4.282850278,1.783704235,4.184844551,1.865375674,3.469402743,1.783704235,3.982299382,1.960114544,3.652346767,2.061387129,2.371738598,1.685698508,3.194986707,2.129991138,2.69189064,2.11365685
RPV 038,Amazon,-8.742,RPV,2.9747,0.872250972,1.68243165,3.698082773,1.728167656,3.756886209,1.809839096,2.851966661,1.653029932,3.779754212,1.901311108,3.750352494,1.989516262,3.652346767,2.061387129,2.969573534,1.953580829,3.456335312,2.149592283,3.1492507,2.237797438,1.943780256,1.845774529,2.646154634,2.280266586,2.149592283,2.254131725
RPV 039,Amazon,-8.742,RPV,2.8917,1.172801869,1.639962502,3.926762803,1.633428787,3.969231951,1.702032796,3.129649555,1.587692781,3.995366812,1.77717052,3.982299382,1.862108817,3.89082737,1.943780256,3.234188997,1.865375674,3.704616488,2.025451695,3.410599306,2.107123135,2.185527716,1.800038523,2.927104386,2.175727144,2.456676895,2.185527716
RPV 040,Amazon,-8.742,RPV,2.9977,1.290408741,1.287141884,4.152175975,1.261007023,4.210979412,1.34594532,3.371397015,1.221804732,4.220779984,1.417816187,4.210979412,1.509288199,4.106439969,1.594226496,3.482470173,1.509288199,3.91696223,1.66936422,3.600077046,1.760836232,2.378272313,1.411282472,3.1492507,1.822906526,2.662488922,1.829440241
RPV 041,Amazon,-8.742,RPV,2.6988,1.113998432,1.506021341,3.70134963,1.427616759,3.743818779,1.499487626,2.972840392,1.385147611,3.773220497,1.577892208,3.740551921,1.662830505,3.658880482,1.734701371,3.064312404,1.65629679,3.45960217,1.819639668,3.204787279,1.894777392,2.11365685,1.607293926,2.78662951,1.966648259,2.332536307,1.953580829
RPV 042,Amazon,-8.742,RPV,2.6089,1.545223632,1.365546466,4.0117011,1.247939593,4.070504536,1.326344175,3.198253564,1.244672735,4.112973685,1.404748756,4.109706827,1.492953911,4.041102818,1.564824778,3.371397015,1.509288199,3.858158794,1.65629679,3.587009615,1.731434514,2.453410037,1.460285335,3.155784416,1.786971092,2.711491786,1.79023795
RPV 043,Amazon,-8.742,RPV,3.0003,1.192403014,1.352479035,4.054170248,1.375347038,4.103173112,1.46681905,3.224388425,1.296942457,4.112973685,1.535423059,4.096639397,1.623628214,4.001900527,1.692232223,3.322394152,1.597493353,3.799355358,1.77717052,3.485737031,1.855575102,2.263932298,1.502754484,2.992441537,1.907844823,2.495879186,1.88497682
RPV 044,Amazon,-8.742,RPV,3.0578,1.087863572,1.773903662,3.992099954,1.653029932,4.041102818,1.731434514,3.113315267,1.604027068,4.054170248,1.822906526,4.041102818,1.917645395,3.933296518,2.002583692,3.253790143,1.917645395,3.760153067,2.094055704,3.423666737,2.192061432,2.195328289,1.868642532,2.959772961,2.267199156,2.456676895,2.283533444
RPV 045,Amazon,-8.742,RPV,3.1467,0.67297266,1.35901275,3.691549058,1.261007023,3.734018206,1.326344175,2.793163225,1.221804732,3.753619352,1.417816187,3.750352494,1.499487626,3.655613624,1.581159065,2.874834664,1.506021341,3.449801597,1.679164793,3.106781552,1.786971092,1.751035659,1.457018478,2.597151771,1.868642532,2.107123135,1.878443105
RPV 046,Amazon,-8.742,RPV,2.7642,1.290408741,1.430883617,3.93002966,1.31981046,3.975765666,1.378613896,3.116582125,1.296942457,3.992099954,1.460285335,3.985566239,1.538689917,3.900627942,1.613827641,3.250523285,1.555024205,3.70134963,1.715100226,3.453068455,1.800038523,2.257398583,1.535423059,2.998975252,1.89804425,2.528547762,1.901311108
RPV 047,Amazon,-8.742,RPV,3.298,1.159734438,1.721633941,4.26651599,1.499487626,4.328586284,1.577892208,3.322394152,1.515821914,4.364521718,1.675897935,4.354721145,1.780437377,4.25344856,1.849041386,3.489003888,1.822906526,4.03783596,1.963381401,3.685015342,2.077721416,2.358671168,1.816372811,3.208054137,2.185527716,2.695157498,2.224730007
RPV 048,Amazon,-8.742,RPV,3.1064,0.810180678,1.571358493,3.750352494,1.421083044,3.818956503,1.502754484,2.868300949,1.427616759,3.861425651,1.587692781,3.861425651,1.68243165,3.779754212,1.757569374,2.998975252,1.734701371,3.538006752,1.88497682,3.211320994,1.986249404,1.924179111,1.685698508,2.701691213,2.087521989,2.237797438,2.107123135
RPV 049,Amazon,-8.742,RPV,2.9792,0.836315539,0.882051545,3.6882822,0.908186405,3.727484491,0.976790414,2.829098658,0.833048681,3.747085636,1.058461854,3.724217633,1.153200723,3.645813052,1.21200416,2.956506104,1.113998432,3.436734167,1.296942457,3.13618327,1.388414469,1.917645395,1.015992705,2.669022637,1.443951047,2.208395719,1.434150475
SJU 001,Mata Atlantica,-22.611,SJU,3.6804,0.535764642,1.617094499,3.998633669,1.489687053,4.073771394,1.581159065,3.031643828,1.483153338,4.122774257,1.69549908,4.099906254,1.79023795,3.982299382,1.88497682,3.132916413,1.813105953,3.734018206,2.002583692,3.33872844,2.120190565,1.780437377,1.741235086,2.783362652,2.205128862,2.224730007,2.214929435
SJU 002,Mata Atlantica,-22.611,SJU,3.6146,0.90165269,1.558291062,4.354721145,1.626895071,4.423325154,1.734701371,3.387731303,1.532156202,4.429858869,1.832707099,4.397190293,1.924179111,4.279583421,2.002583692,3.462869027,1.888243677,4.060703963,2.10058942,3.665414197,2.201862004,2.175727144,1.757569374,3.093714122,2.254131725,2.528547762,2.244331153
SJU 003,Mata Atlantica,-22.611,SJU,3.4619,0.630503512,1.417816187,3.939830233,1.247939593,4.001900527,1.342678463,3.021843255,1.21200416,4.018234815,1.443951047,3.988833097,1.515821914,3.9038948,1.590959638,3.155784416,1.538689917,3.691549058,1.711833368,3.417133021,1.829440241,1.868642532,1.499487626,2.796430083,1.920912253,2.22146315,1.943780256
SJU 004,Mata Atlantica,-22.611,SJU,3.3735,0.895118975,1.88497682,4.103173112,1.862108817,4.184844551,1.979715689,3.188452991,1.835973956,4.204445697,2.084255132,4.165243406,2.172460286,4.067237679,2.254131725,3.335461582,2.175727144,3.848358221,2.371738598,3.485737031,2.479544898,2.090788847,2.048319698,2.953239246,2.538348334,2.414207747,2.531814619
SJU 005,Mata Atlantica,-22.611,SJU,3.4466,0.607635509,0.519430354,3.897361085,0.810180678,3.936563376,0.885318402,2.989174679,0.640304084,3.949630806,0.993124702,3.910428515,1.074796142,3.78302107,1.146667008,3.034910685,0.98332413,3.603343903,1.221804732,3.234188997,1.300209314,1.871909389,0.774245245,2.646154634,1.300209314,2.12672428,1.257740166
SJU 006,Mata Atlantica,-22.611,SJU,3.4335,0.571700075,2.649421492,3.80915593,2.244331153,3.894094227,2.335803165,2.842166089,2.303134589,3.936563376,2.433808892,3.913695373,2.522014046,3.832023933,2.613486058,3.01530954,2.623286631,3.613144476,2.744160361,3.270124431,2.900969525,1.793504808,2.672289495,2.724559216,3.02837697,2.172460286,3.083913549
SJU 009,Mata Atlantica,-22.611,SJU,3.5691,0.88858526,1.77717052,4.302451424,1.528889344,4.367788575,1.626895071,3.204787279,1.496220768,4.380856006,1.721633941,4.357988003,1.809839096,4.250181703,1.89804425,3.44653474,1.839240814,4.047636533,2.002583692,3.681748485,2.129991138,2.087521989,1.780437377,3.11004841,2.218196292,2.593884913,2.23453058
SJU 010,Mata Atlantica,-22.611,SJU,3.4576,0.44429263,0.721975524,3.698082773,0.5390315,3.769953639,0.633770369,2.767028364,0.522697212,3.799355358,0.738309812,3.776487355,0.829781824,3.671947912,0.927787551,2.933638101,0.862450399,3.469402743,1.035593851,3.100247837,1.159734438,1.688965365,0.797113248,2.544882049,1.22507159,2.041785983,1.244672735
SJU 011,Mata Atlantica,-22.611,SJU,3.5032,0.868984114,1.702032796,4.230580557,2.009117407,4.273049706,2.103856277,3.211320994,1.822906526,4.269782848,2.182260859,4.2273137,2.267199156,4.13257483,2.34233688,3.33872844,2.178994001,3.920229088,2.420741462,3.531473037,2.492612328,2.087521989,1.953580829,2.972840392,2.515480331,2.459943753,2.486078613
SJU 012,Mata Atlantica,-22.611,SJU,3.3777,0.770978387,1.914378538,4.001900527,1.698765938,4.070504536,1.793504808,3.067579261,1.685698508,4.077038251,1.888243677,4.060703963,1.996049977,3.952897663,2.074454559,3.191719849,1.999316835,3.779754212,2.162659713,3.410599306,2.270466013,1.933979683,1.953580829,2.842166089,2.345603737,2.371738598,2.391339744
SJU 013,Mata Atlantica,-22.611,SJU,3.5775,0.774245245,1.326344175,4.165243406,1.120532148,4.250181703,1.208737302,3.175385561,1.133599578,4.279583421,1.306743029,4.256715418,1.391681326,4.155442833,1.483153338,3.319127294,1.443951047,3.956164521,1.590959638,3.5804759,1.728167656,2.041785983,1.424349902,2.989174679,1.832707099,2.433808892,1.849041386
TLC 001,Cerrado,-10.7,TLC,2.7127,0.646837799,1.659563647,3.194986707,1.068262426,3.263590716,1.120532148,2.332536307,1.205470444,3.302793006,1.192403014,3.315860437,1.280608169,3.24398957,1.378613896,2.548148907,1.434150475,3.103514694,1.483153338,2.851966661,1.620361356,1.57462535,1.545223632,2.407674031,1.770636805,1.930712826,1.855575102
TLC 002,Cerrado,-10.7,TLC,3.4295,0.924520693,2.143058568,4.116240542,1.421083044,4.220779984,1.506021341,3.175385561,1.56155792,4.256715418,1.584425923,4.246914845,1.708566511,4.171777121,1.800038523,3.384464446,1.875176247,3.962698236,1.947047114,3.662147339,2.107123135,2.162659713,1.986249404,3.132916413,2.299867731,2.587351198,2.401140316
TLC 003,Cerrado,-10.7,TLC,3.1484,1.081329857,1.179335584,3.956164521,2.025451695,3.985566239,2.129991138,3.132916413,1.702032796,3.982299382,2.214929435,3.946363948,2.290067159,3.848358221,2.312935162,3.185186134,2.028718553,3.609877618,2.339070022,3.306059864,2.335803165,2.094055704,1.607293926,2.760494649,2.237797438,2.299867731,2.094055704
TLC 004,Cerrado,-10.7,TLC,3.2974,1.071529284,1.672631077,4.178310836,1.839240814,4.263249133,1.956847686,3.292992434,1.770636805,4.292650851,2.084255132,4.269782848,2.172460286,4.14564226,2.244331153,3.400798734,2.094055704,3.894094227,2.32926945,3.524939321,2.378272313,2.224730007,1.878443105,3.018576398,2.407674031,2.508946616,2.339070022
TLC 006,Cerrado,-10.7,TLC,3.0158,1.035593851,1.852308244,3.78302107,1.002925275,3.861425651,1.068262426,2.963039819,1.195669872,3.894094227,1.133599578,3.897361085,1.234872163,3.835290791,1.326344175,3.152517558,1.45375162,3.662147339,1.473352765,3.413866164,1.633428787,2.116923707,1.649763074,2.923837528,1.835973956,2.443609465,1.956847686
TLC 007,Cerrado,-10.7,TLC,3.1718,1.100931002,1.470085908,4.103173112,1.159734438,4.161976548,1.221804732,3.208054137,1.195669872,4.201178839,1.316543602,4.178310836,1.414549329,4.070504536,1.509288199,3.371397015,1.502754484,3.877759939,1.620361356,3.547807324,1.741235086,2.201862004,1.512555056,3.047978116,1.845774529,2.567750052,1.89804425
TLC 008,Cerrado,-10.7,TLC,3.0308,1.055194996,1.649763074,3.936563376,1.499487626,4.008434242,1.587692781,3.100247837,1.489687053,4.02476853,1.672631077,4.014967957,1.764103089,3.926762803,1.858841959,3.234188997,1.806572238,3.743818779,1.966648259,3.397531876,2.071187701,2.146325426,1.751035659,2.923837528,2.156125998,2.466477468,2.192061432
TLC 010,Cerrado,-10.7,TLC,3.0458,1.228338447,1.241405878,4.106439969,1.293675599,4.178310836,1.388414469,3.224388425,1.23813902,4.207712554,1.509288199,4.191378266,1.584425923,4.070504536,1.675897935,3.407332449,1.535423059,3.926762803,1.751035659,3.56740847,1.832707099,2.290067159,1.398215041,3.093714122,1.852308244,2.636354062,1.829440241
TLC 012,Cerrado,-10.7,TLC,3.2797,0.744843527,1.875176247,3.877759939,1.734701371,3.926762803,1.806572238,2.927104386,1.721633941,3.969231951,1.91111168,3.949630806,1.99278312,3.864692509,2.080988274,3.080646691,2.015651123,3.671947912,2.178994001,3.35179587,2.280266586,1.947047114,1.953580829,2.796430083,2.371738598,2.296600874,2.388072886
TLC 013,Cerrado,-10.7,TLC,2.6502,1.064995569,1.385147611,3.560874755,1.025793278,3.616411333,1.084596714,2.819298086,1.078062999,3.645813052,1.156467581,3.649079909,1.234872163,3.564141612,1.31981046,2.963039819,1.306743029,3.335461582,1.447217905,3.129649555,1.532156202,2.025451695,1.381880753,2.744160361,1.639962502,2.290067159,1.705299653
TLC 014,Cerrado,-10.7,TLC,2.809,1.113998432,2.077721416,3.694815915,1.564824778,3.776487355,1.649763074,2.884635237,1.653029932,3.818956503,1.737968229,3.805889073,1.819639668,3.714417061,1.91111168,3.025110113,1.91111168,3.551074182,2.015651123,3.24398957,2.13979171,2.097322562,1.999316835,2.747427219,2.280266586,2.296600874,2.339070022
TLC 017,Cerrado,-10.7,TLC,2.8788,0.76771153,1.819639668,3.508605034,1.780437377,3.564141612,1.858841959,2.744160361,1.734701371,3.590276473,1.940513398,3.56740847,2.035252268,3.466135885,2.10058942,2.806230655,2.00585055,3.296259291,2.195328289,2.979374107,2.280266586,1.764103089,1.920912253,2.531814619,2.332536307,2.051586556,2.319468877
TLC 018,Cerrado,-10.7,TLC,3.1109,1.163001296,1.551757347,4.142375403,1.417816187,4.194645124,1.489687053,3.204787279,1.398215041,4.24038113,1.584425923,4.224046842,1.65629679,4.13257483,1.741235086,3.387731303,1.705299653,3.946363948,1.849041386,3.652346767,1.953580829,2.319468877,1.666097362,3.093714122,2.054853413,2.616752916,2.064653986
TLC 022,Cerrado,-10.7,TLC,3.3062,0.640304084,1.163001296,3.789554785,1.424349902,3.845091364,1.519088771,2.884635237,1.300209314,3.861425651,1.597493353,3.841824506,1.692232223,3.730751348,1.770636805,2.985907822,1.653029932,3.505338176,1.862108817,3.159051273,1.943780256,1.862108817,1.463552193,2.593884913,1.960114544,2.094055704,1.91111168
TLC 023,Cerrado,-10.7,TLC,3.0711,0.692573805,1.316543602,3.609877618,1.13033272,3.652346767,1.198936729,2.718025501,1.120532148,3.685015342,1.290408741,3.668681055,1.385147611,3.590276473,1.463552193,2.845432946,1.421083044,3.436734167,1.564824778,3.100247837,1.688965365,1.77717052,1.411282472,2.593884913,1.770636805,2.061387129,1.793504808
TLC 024,Cerrado,-10.7,TLC,2.9739,1.339411605,1.904577965,4.191378266,1.963381401,4.24038113,2.035252268,3.322394152,1.888243677,4.243647987,2.097322562,4.2273137,2.175727144,4.126041115,2.254131725,3.443267882,2.165926571,3.894094227,2.35540431,3.603343903,2.430542034,2.335803165,2.074454559,3.119848982,2.479544898,2.659222065,2.46321061
TLC 025,Cerrado,-10.7,TLC,3.1437,0.921253836,1.068262426,3.91696223,1.015992705,3.965965094,1.100931002,3.074112976,0.976790414,4.001900527,1.198936729,3.975765666,1.293675599,3.877759939,1.385147611,3.178652419,1.290408741,3.67521477,1.483153338,3.368130158,1.577892208,2.067920844,1.205470444,2.858500376,1.639962502,2.332536307,1.626895071
TLC 026,Cerrado,-10.7,TLC,3.251,1.182602441,1.973181974,4.24038113,1.57462535,4.312251997,1.646496217,3.299526149,1.636695644,4.357988003,1.747768802,4.351454287,1.842507671,4.25344856,1.950313971,3.479203315,1.937246541,4.050903391,2.074454559,3.714417061,2.208395719,2.306401447,1.966648259,3.224388425,2.316202019,2.727826074,2.375005456
TLC 027,Cerrado,-10.7,TLC,3.1005,0.76771153,1.858841959,3.704616488,1.587692781,3.760153067,1.66936422,2.763761507,1.607293926,3.792821642,1.744501944,3.769953639,1.829440241,3.6882822,1.914378538,2.923837528,1.89804425,3.475936458,2.041785983,3.175385561,2.162659713,1.826173383,1.878443105,2.701691213,2.260665441,2.162659713,2.280266586
TLC 028,Cerrado,-10.7,TLC,3.2312,1.221804732,1.728167656,4.230580557,1.277341311,4.315518854,1.365546466,3.315860437,1.378613896,4.34818743,1.45375162,4.34818743,1.555024205,4.250181703,1.649763074,3.489003888,1.65629679,4.073771394,1.764103089,3.766686782,1.907844823,2.322735734,1.724900799,3.273391288,2.054853413,2.780095795,2.10058942
TLC 029,Cerrado,-10.7,TLC,3.1343,0.699107521,1.594226496,3.707883345,1.545223632,3.763419924,1.617094499,2.835632373,1.479886481,3.789554785,1.702032796,3.763419924,1.786971092,3.698082773,1.862108817,2.985907822,1.780437377,3.466135885,1.943780256,3.1492507,2.01891798,1.809839096,1.685698508,2.613486058,2.090788847,2.11365685,2.097322562
TLC 033,Cerrado,-10.7,TLC,3.1554,1.133599578,1.764103089,4.034569103,0.989857845,4.116240542,1.061728711,3.142716985,1.159734438,4.152175975,1.127065863,4.148909118,1.21200416,4.083571966,1.303476172,3.384464446,1.401481899,3.89082737,1.447217905,3.613144476,1.613827641,2.211662577,1.620361356,3.155784416,1.806572238,2.682090068,1.943780256
TLC 035,Cerrado,-10.7,TLC,3.3035,0.741576669,1.672631077,3.877759939,1.424349902,3.939830233,1.492953911,2.966306676,1.44068419,3.965965094,1.568091635,3.949630806,1.68243165,3.841824506,1.77717052,3.119848982,1.737968229,3.649079909,1.858841959,3.302793006,2.002583692,1.858841959,1.715100226,2.816031228,2.10058942,2.299867731,2.129991138
TLC 036,Cerrado,-10.7,TLC,2.7652,1.509288199,1.705299653,4.112973685,1.617094499,4.165243406,1.688965365,3.381197588,1.590959638,4.194645124,1.796771665,4.175043978,1.881709962,4.070504536,1.963381401,3.407332449,1.862108817,3.881026797,2.061387129,3.616411333,2.133257995,2.381539171,1.79023795,3.152517558,2.192061432,2.704958071,2.192061432
TLC 037,Cerrado,-10.7,TLC,3.0995,0.480228063,1.476619623,3.413866164,1.417816187,3.489003888,1.512555056,2.564483195,1.388414469,3.515138749,1.613827641,3.502071318,1.702032796,3.368130158,1.780437377,2.698424355,1.69549908,3.175385561,1.875176247,2.89443581,1.947047114,1.590959638,1.594226496,2.391339744,2.009117407,1.871909389,1.986249404
TLC 038,Cerrado,-10.7,TLC,2.949,0.525964069,1.698765938,3.355062728,1.404748756,3.417133021,1.473352765,2.512213474,1.430883617,3.44653474,1.56155792,3.436734167,1.649763074,3.35179587,1.731434514,2.659222065,1.708566511,3.172118703,1.826173383,2.89443581,1.927445968,1.568091635,1.702032796,2.407674031,2.035252268,1.904577965,2.080988274
TLC 039,Cerrado,-10.7,TLC,3.1266,1.352479035,1.541956775,4.299184566,1.136866435,4.377589148,1.215271017,3.436734167,1.189136157,4.420058296,1.303476172,4.410257724,1.375347038,4.312251997,1.479886481,3.609877618,1.46681905,4.126041115,1.597493353,3.799355358,1.718367083,2.453410037,1.502754484,3.296259291,1.839240814,2.822564943,1.914378538
TLC 040,Cerrado,-10.7,TLC,3.2706,1.068262426,1.525622487,4.207712554,1.666097362,4.250181703,1.760836232,3.328927867,1.56155792,4.26651599,1.858841959,4.246914845,1.927445968,4.139108545,2.015651123,3.397531876,1.88497682,3.93002966,2.097322562,3.590276473,2.182260859,2.208395719,1.705299653,3.054511831,2.214929435,2.548148907,2.192061432
TLC 041,Cerrado,-10.7,TLC,3.0708,1.015992705,1.519088771,3.920229088,1.372080181,3.982299382,1.443951047,3.139450128,1.355745893,4.018234815,1.538689917,4.008434242,1.626895071,3.897361085,1.715100226,3.237455855,1.662830505,3.727484491,1.806572238,3.397531876,1.91111168,2.103856277,1.590959638,2.927104386,2.00585055,2.443609465,2.00585055
TLC 043,Cerrado,-10.7,TLC,3.1514,0.898385833,1.541956775,3.854891936,1.22507159,3.943097091,1.316543602,2.959772961,1.270807596,3.969231951,1.408015614,3.946363948,1.515821914,3.835290791,1.604027068,3.100247837,1.568091635,3.639279336,1.708566511,3.328927867,1.826173383,1.99278312,1.568091635,2.809497513,1.924179111,2.306401447,1.950313971
TLC 044,Cerrado,-10.7,TLC,3.0644,1.306743029,1.35901275,4.230580557,1.329611032,4.276316563,1.394948184,3.420399879,1.293675599,4.312251997,1.506021341,4.295917709,1.590959638,4.175043978,1.662830505,3.505338176,1.590959638,3.992099954,1.764103089,3.67521477,1.858841959,2.401140316,1.492953911,3.162318131,1.933979683,2.701691213,1.914378538
TLC 046,Cerrado,-10.7,TLC,3.1791,0.872250972,1.515821914,3.926762803,1.300209314,3.972498809,1.35901275,3.021843255,1.280608169,3.992099954,1.443951047,3.972498809,1.532156202,3.867959367,1.617094499,3.175385561,1.587692781,3.698082773,1.718367083,3.410599306,1.822906526,2.038519126,1.571358493,2.848699804,1.937246541,2.352137453,1.963381401
TLC 047,Cerrado,-10.7,TLC,3.0887,1.310009887,1.081329857,4.25344856,0.957189269,4.295917709,1.012725848,3.482470173,0.940854981,4.331853142,1.10419786,4.33512,1.198936729,4.233847415,1.277341311,3.564141612,1.208737302,4.031302245,1.372080181,3.707883345,1.457018478,2.404407174,1.149933866,3.214587852,1.538689917,2.747427219,1.545223632
TLC 048,Cerrado,-10.7,TLC,2.9311,1.218537875,1.737968229,3.979032524,1.460285335,4.041102818,1.535423059,3.145983843,1.476619623,4.080305109,1.623628214,4.063970821,1.708566511,3.979032524,1.79023795,3.276658146,1.754302517,3.799355358,1.89804425,3.475936458,2.015651123,2.270466013,1.760836232,3.005508967,2.097322562,2.544882049,2.13979171
TLC 049,Cerrado,-10.7,TLC,3.2156,0.865717257,1.460285335,3.907161657,1.182602441,3.962698236,1.247939593,2.891168952,1.22507159,4.005167385,1.33287789,3.988833097,1.45375162,3.884293654,1.538689917,3.116582125,1.512555056,3.662147339,1.659563647,3.345262155,1.77717052,1.989516262,1.509288199,2.819298086,1.875176247,2.312935162,1.904577965
TLC 050,Cerrado,-10.7,TLC,3.2847,1.215271017,1.754302517,4.305718281,1.643229359,4.36125486,1.718367083,3.397531876,1.617094499,4.397190293,1.809839096,4.403724009,1.894777392,4.295917709,1.986249404,3.538006752,1.927445968,4.086838824,2.084255132,3.753619352,2.185527716,2.345603737,1.868642532,3.234188997,2.257398583,2.695157498,2.260665441
TLC 052,Cerrado,-10.7,TLC,3.2666,0.911453263,1.287141884,4.021501673,1.123799005,4.063970821,1.205470444,3.064312404,1.094397287,4.096639397,1.296942457,4.060703963,1.372080181,3.979032524,1.443951047,3.185186134,1.394948184,3.792821642,1.541956775,3.479203315,1.639962502,2.022184838,1.368813323,2.930371243,1.731434514,2.420741462,1.754302517
TLC 053,Cerrado,-10.7,TLC,2.92,1.025793278,1.594226496,3.832023933,1.460285335,3.867959367,1.512555056,3.034910685,1.434150475,3.9038948,1.597493353,3.881026797,1.679164793,3.7960885,1.757569374,3.159051273,1.705299653,3.600077046,1.868642532,3.328927867,1.956847686,2.087521989,1.66936422,2.865034092,2.038519126,2.417474604,2.067920844
TLC 055,Cerrado,-10.7,TLC,3.2117,0.937588123,1.943780256,4.014967957,1.653029932,4.067237679,1.731434514,3.070846119,1.666097362,4.099906254,1.822906526,4.073771394,1.91111168,3.985566239,1.986249404,3.247256428,1.969915117,3.7960885,2.103856277,3.469402743,2.231263722,2.116923707,1.976448832,2.946705531,2.335803165,2.446876322,2.365204883
TLC 057,Cerrado,-10.7,TLC,3.1243,0.708908093,1.77717052,3.636012479,1.515821914,3.704616488,1.604027068,2.809497513,1.525622487,3.734018206,1.685698508,3.720950776,1.79023795,3.616411333,1.88497682,2.927104386,1.842507671,3.430200452,1.989516262,3.103514694,2.094055704,1.796771665,1.806572238,2.603685486,2.175727144,2.120190565,2.205128862
TLC 058,Cerrado,-10.7,TLC,3.3289,0.904919548,1.31981046,4.018234815,1.411282472,4.083571966,1.496220768,3.302793006,1.385147611,4.126041115,1.633428787,4.093372539,1.715100226,3.975765666,1.813105953,3.204787279,1.646496217,3.734018206,1.91111168,3.400798734,1.973181974,2.195328289,1.506021341,3.005508967,2.035252268,2.417474604,2.025451695
TLC 070,Cerrado,-10.7,TLC,3.0691,0.891852117,1.698765938,3.80915593,1.620361356,3.877759939,1.702032796,2.963039819,1.623628214,3.894094227,1.816372811,3.894094227,1.875176247,3.776487355,1.973181974,3.093714122,1.933979683,3.5804759,2.080988274,3.24398957,2.185527716,1.986249404,1.845774529,2.783362652,2.270466013,2.293334016,2.254131725
TLC 071,Cerrado,-10.7,TLC,2.6372,1.483153338,1.751035659,3.992099954,1.421083044,4.047636533,1.489687053,3.279925003,1.476619623,4.067237679,1.571358493,4.060703963,1.646496217,3.979032524,1.734701371,3.453068455,1.737968229,3.822223361,1.845774529,3.587009615,1.950313971,2.427275177,1.767369947,3.139450128,2.058120271,2.704958071,2.094055704
TLC 073,Cerrado,-10.7,TLC,3.018,1.123799005,1.594226496,3.975765666,1.496220768,4.02476853,1.56155792,3.132916413,1.46681905,4.067237679,1.672631077,4.034569103,1.754302517,3.93002966,1.835973956,3.240722713,1.744501944,3.747085636,1.917645395,3.436734167,1.999316835,2.224730007,1.679164793,2.959772961,2.071187701,2.522014046,2.087521989
TLC 074,Cerrado,-10.7,TLC,3.093,1.310009887,1.56155792,4.26651599,1.568091635,4.305718281,1.636695644,3.423666737,1.509288199,4.331853142,1.731434514,4.308985139,1.822906526,4.191378266,1.89804425,3.502071318,1.793504808,3.995366812,1.979715689,3.698082773,2.067920844,2.397873459,1.692232223,3.181919276,2.123457423,2.675556352,2.094055704
TLC 075,Cerrado,-10.7,TLC,3.0479,1.195669872,1.649763074,4.096639397,1.639962502,4.152175975,1.718367083,3.286458719,1.587692781,4.171777121,1.809839096,4.148909118,1.901311108,4.060703963,1.969915117,3.358329585,1.881709962,3.861425651,2.061387129,3.544540467,2.149592283,2.263932298,1.80330538,3.057778688,2.201862004,2.515480331,2.182260859
TLC 076,Cerrado,-10.7,TLC,3.0098,1.290408741,1.646496217,4.1195074,1.555024205,4.191378266,1.643229359,3.286458719,1.538689917,4.220779984,1.731434514,4.217513127,1.816372811,4.116240542,1.891510535,3.410599306,1.829440241,3.956164521,1.982982547,3.671947912,2.084255132,2.381539171,1.757569374,3.13618327,2.162659713,2.633087204,2.165926571
TLC 077,Cerrado,-10.7,TLC,2.9512,1.042127566,1.326344175,3.854891936,1.241405878,3.900627942,1.316543602,2.959772961,1.205470444,3.93002966,1.385147611,3.913695373,1.483153338,3.805889073,1.551757347,3.142716985,1.486420196,3.636012479,1.639962502,3.328927867,1.741235086,2.054853413,1.411282472,2.816031228,1.800038523,2.348870595,1.813105953
TLC 078,Cerrado,-10.7,TLC,3.0767,0.891852117,1.917645395,3.815689645,1.692232223,3.864692509,1.773903662,2.976107249,1.692232223,3.884293654,1.855575102,3.871226224,1.943780256,3.769953639,2.022184838,3.11004841,1.979715689,3.596810188,2.133257995,3.299526149,2.244331153,1.969915117,1.969915117,2.809497513,2.339070022,2.312935162,2.368471741
TLC 079,Cerrado,-10.7,TLC,3.2936,0.359354333,1.584425923,3.475936458,1.486420196,3.560874755,1.590959638,2.522014046,1.46681905,3.583742758,1.672631077,3.56740847,1.757569374,3.485737031,1.839240814,2.675556352,1.77717052,3.247256428,1.943780256,2.884635237,2.051586556,1.502754484,1.702032796,2.365204883,2.123457423,1.868642532,2.12672428
TLC 080,Cerrado,-10.7,TLC,3.0055,0.797113248,1.832707099,3.668681055,1.871909389,3.707883345,1.950313971,2.858500376,1.793504808,3.727484491,2.028718553,3.704616488,2.116923707,3.613144476,2.185527716,2.943438673,2.097322562,3.436734167,2.273732871,3.100247837,2.339070022,1.858841959,1.979715689,2.626553489,2.384806028,2.169193429,2.371738598
TLC 081,Cerrado,-10.7,TLC,3.0772,0.790579533,1.528889344,3.698082773,1.643229359,3.747085636,1.724900799,2.829098658,1.545223632,3.773220497,1.816372811,3.747085636,1.878443105,3.642546194,1.956847686,2.930371243,1.835973956,3.44653474,2.03198541,3.116582125,2.094055704,1.839240814,1.711833368,2.580817483,2.149592283,2.13979171,2.12672428
TLC 082,Cerrado,-10.7,TLC,3.1472,0.823248108,1.44068419,3.818956503,1.215271017,3.881026797,1.296942457,2.959772961,1.231605305,3.907161657,1.398215041,3.89082737,1.483153338,3.825490218,1.54849049,3.064312404,1.515821914,3.619678191,1.66936422,3.273391288,1.786971092,1.950313971,1.522355629,2.767028364,1.871909389,2.237797438,1.894777392
TLC 083,Cerrado,-10.7,TLC,2.9745,1.015992705,1.88497682,3.841824506,1.659563647,3.894094227,1.737968229,2.998975252,1.659563647,3.920229088,1.816372811,3.907161657,1.904577965,3.799355358,1.979715689,3.080646691,1.933979683,3.590276473,2.094055704,3.312593579,2.198595147,2.022184838,1.943780256,2.796430083,2.290067159,2.316202019,2.309668304
TPN 001,Cerrado,-10.796,TPN,3.1544,0.676239518,1.56155792,3.671947912,1.506021341,3.734018206,1.613827641,2.750694077,1.45375162,3.753619352,1.711833368,3.734018206,1.796771665,3.622945049,1.875176247,2.900969525,1.780437377,3.410599306,1.963381401,3.116582125,2.045052841,1.757569374,1.679164793,2.538348334,2.103856277,2.051586556,2.097322562
TPN 002,Cerrado,-10.796,TPN,3.0363,1.254473308,1.545223632,4.142375403,1.483153338,4.201178839,1.564824778,3.270124431,1.44068419,4.224046842,1.662830505,4.201178839,1.744501944,4.099906254,1.822906526,3.394265018,1.747768802,3.9038948,1.920912253,3.606610761,1.999316835,2.290067159,1.66936422,3.132916413,2.077721416,2.633087204,2.074454559
TPN 003,Cerrado,-10.796,TPN,3.16,1.182602441,1.45375162,4.181577694,1.127065863,4.243647987,1.215271017,3.322394152,1.163001296,4.26651599,1.310009887,4.250181703,1.391681326,4.158709691,1.483153338,3.456335312,1.486420196,3.969231951,1.600760211,3.606610761,1.737968229,2.312935162,1.483153338,3.1492507,1.849041386,2.642887777,1.891510535
TPN 004,Cerrado,-10.796,TPN,3.127,0.770978387,1.734701371,3.734018206,1.705299653,3.789554785,1.780437377,2.835632373,1.65629679,3.815689645,1.871909389,3.792821642,1.963381401,3.698082773,2.045052841,2.985907822,1.969915117,3.489003888,2.149592283,3.145983843,2.244331153,1.832707099,1.865375674,2.636354062,2.296600874,2.175727144,2.293334016
TPN 006,Cerrado,-10.796,TPN,3.0177,1.012725848,1.643229359,3.89082737,1.519088771,3.943097091,1.590959638,2.985907822,1.479886481,3.965965094,1.672631077,3.943097091,1.747768802,3.841824506,1.826173383,3.139450128,1.77717052,3.665414197,1.940513398,3.358329585,2.038519126,2.041785983,1.69549908,2.878101522,2.129991138,2.414207747,2.13979171
TPN 007,Cerrado,-10.796,TPN,2.486,1.025793278,1.868642532,3.443267882,1.604027068,3.489003888,1.66936422,2.760494649,1.610560784,3.502071318,1.728167656,3.508605034,1.80330538,3.440001024,1.868642532,2.81276437,1.858841959,3.276658146,1.973181974,3.074112976,2.058120271,1.88497682,1.875176247,2.639620919,2.146325426,2.263932298,2.175727144
TPN 008,Cerrado,-10.796,TPN,3.089,1.153200723,1.901311108,4.090105682,1.633428787,4.139108545,1.688965365,3.21785471,1.646496217,4.171777121,1.767369947,4.165243406,1.858841959,4.057437106,1.960114544,3.319127294,1.937246541,3.864692509,2.071187701,3.564141612,2.188794574,2.22146315,1.927445968,3.090447264,2.296600874,2.574283768,2.332536307
TPN 009,Cerrado,-10.796,TPN,2.987,1.064995569,1.649763074,3.881026797,1.33287789,3.943097091,1.414549329,3.070846119,1.362279608,3.982299382,1.492953911,3.972498809,1.577892208,3.89082737,1.666097362,3.198253564,1.643229359,3.717683918,1.770636805,3.430200452,1.891510535,2.129991138,1.659563647,2.946705531,1.989516262,2.440342607,2.038519126
TPN 010,Cerrado,-10.796,TPN,3.151,1.202203587,1.757569374,4.188111409,1.571358493,4.233847415,1.653029932,3.35179587,1.571358493,4.279583421,1.744501944,4.26651599,1.855575102,4.155442833,1.947047114,3.4726696,1.88497682,3.975765666,2.048319698,3.658880482,2.156125998,2.290067159,1.829440241,3.126382697,2.257398583,2.616752916,2.263932298
TPN 011,Cerrado,-10.796,TPN,3.1688,0.797113248,1.355745893,3.80915593,1.146667008,3.881026797,1.228338447,2.959772961,1.159734438,3.900627942,1.326344175,3.877759939,1.414549329,3.769953639,1.499487626,3.074112976,1.470085908,3.596810188,1.604027068,3.250523285,1.721633941,1.904577965,1.427616759,2.753960934,1.826173383,2.270466013,1.842507671
TPN 012,Cerrado,-10.796,TPN,3.1923,0.91472012,1.149933866,3.933296518,1.081329857,4.008434242,1.179335584,3.041444401,1.042127566,4.034569103,1.267540738,4.021501673,1.362279608,3.913695373,1.44068419,3.247256428,1.375347038,3.694815915,1.545223632,3.400798734,1.633428787,2.03198541,1.283875026,2.858500376,1.728167656,2.332536307,1.711833368
TPN 013,Cerrado,-10.796,TPN,3.099,0.806913821,1.89804425,3.747085636,1.855575102,3.802622215,1.943780256,2.855233519,1.800038523,3.828757076,2.022184838,3.805889073,2.110389992,3.694815915,2.195328289,2.943438673,2.097322562,3.469402743,2.286800301,3.145983843,2.375005456,1.88497682,2.025451695,2.636354062,2.427275177,2.136524853,2.420741462
TPN 014,Cerrado,-10.796,TPN,3.005,1.163001296,1.394948184,4.0117011,1.296942457,4.090105682,1.391681326,3.139450128,1.264273881,4.116240542,1.473352765,4.090105682,1.558291062,3.995366812,1.636695644,3.247256428,1.56155792,3.789554785,1.724900799,3.449801597,1.822906526,2.185527716,1.476619623,2.989174679,1.89804425,2.535081477,1.901311108
TPN 016,Cerrado,-10.796,TPN,3.1378,1.169535011,1.891510535,4.122774257,1.555024205,4.197911981,1.653029932,3.263590716,1.587692781,4.220779984,1.731434514,4.210979412,1.832707099,4.129307972,1.904577965,3.394265018,1.894777392,3.910428515,2.041785983,3.613144476,2.152859141,2.263932298,1.88497682,3.129649555,2.270466013,2.613486058,2.319468877
TPN 017,Cerrado,-10.796,TPN,3.0181,1.280608169,1.653029932,4.109706827,1.430883617,4.191378266,1.522355629,3.309326722,1.476619623,4.230580557,1.623628214,4.2273137,1.718367083,4.139108545,1.793504808,3.44653474,1.751035659,3.943097091,1.881709962,3.619678191,1.989516262,2.322735734,1.744501944,3.126382697,2.090788847,2.672289495,2.123457423
TPN 018,Cerrado,-10.796,TPN,2.9385,0.999658417,1.672631077,3.792821642,1.476619623,3.858158794,1.564824778,2.989174679,1.483153338,3.874493082,1.639962502,3.858158794,1.718367083,3.766686782,1.800038523,3.119848982,1.764103089,3.600077046,1.901311108,3.306059864,2.022184838,2.061387129,1.747768802,2.829098658,2.107123135,2.332536307,2.143058568
TPN 020,Cerrado,-10.796,TPN,2.894,0.944121839,1.643229359,3.668681055,1.56155792,3.734018206,1.643229359,2.832365516,1.54849049,3.756886209,1.728167656,3.740551921,1.816372811,3.649079909,1.89804425,2.976107249,1.829440241,3.466135885,1.986249404,3.1492507,2.090788847,1.969915117,1.757569374,2.708224928,2.156125998,2.23453058,2.152859141
