ID,Biome,Latitude,Locality ,State,Lat_grouple,Length.mm,13 CS unscaled,13 CS scaled,18 CS unscaled,18 CS scaled
ARS 002,Amazon,-2.864,ARS,Amazonas,Low latitude,2.5121,821.401991,2.683403315,736.19,2.405027877
ARS 003,Amazon,-2.864,ARS,Amazonas,Low latitude,3.0057,964.3494419,3.150392278,830.88,2.71436662
ARS 004,Amazon,-2.864,ARS,Amazonas,Low latitude,3.0195,979.8596446,3.2010619,835.74,2.730243548
ARS 005,Amazon,-2.864,ARS,Amazonas,Low latitude,2.9067,944.9653636,3.087067255,820.51,2.680489307
ARS 006,Amazon,-2.864,ARS,Amazonas,Low latitude,2.8672,923.8257411,3.018007119,810.57,2.648016743
ARS 007,Amazon,-2.864,ARS,Amazonas,Low latitude,2.9336,959.6023215,3.134884111,838.14,2.738084006
ARS 008,Amazon,-2.864,ARS,Amazonas,Low latitude,3.0717,993.0134401,3.244033477,875.61,2.86049316
ARS 009,Amazon,-2.864,ARS,Amazonas,Low latitude,3.1999,1028.988226,3.361557979,899.3,2.937885015
ARS 010,Amazon,-2.864,ARS,Amazonas,Low latitude,3.2727,1069.404148,3.493591038,936.47,3.059314111
ARS 011,Amazon,-2.864,ARS,Amazonas,Low latitude,3.0073,974.7079247,3.184231965,854.41,2.791235779
ARS 012,Amazon,-2.864,ARS,Amazonas,Low latitude,2.887,946.3571451,3.091614006,820.75,2.681273353
ARS 013,Amazon,-2.864,ARS,Amazonas,Low latitude,2.8932,941.2137009,3.074811107,815.83,2.665200414
ARS 014,Amazon,-2.864,ARS,Amazonas,Low latitude,2.9779,962.9205575,3.145724315,840.7,2.746447162
ARS 016,Amazon,-2.864,ARS,Amazonas,Low latitude,2.8353,921.9032988,3.011726773,791.25,2.584901055
ARS 017,Amazon,-2.864,ARS,Amazonas,Low latitude,2.9487,952.6440937,3.112152572,832.76,2.720508313
ARS 019,Amazon,-2.864,ARS,Amazonas,Low latitude,2.4947,807.1105157,2.636715101,701.61,2.292059942
ARS 020,Amazon,-2.864,ARS,Amazonas,Low latitude,2.8733,932.3381691,3.045816008,823.42,2.689995863
APR 001,Amazon,-3.028,APR,Amazonas,Low latitude,2.75,881.6443553,2.880206539,768.2,2.509599988
APR 002,Amazon,-3.028,APR,Amazonas,Low latitude,2.86,927.6307289,3.030437472,821.84,2.684834228
APR 003,Amazon,-3.028,APR,Amazonas,Low latitude,3.17,1019.387146,3.330192619,897.43,2.931775992
APR 004,Amazon,-3.028,APR,Amazonas,Low latitude,3.09,1007.216041,3.290431352,885.1,2.891495638
APR 005,Amazon,-3.028,APR,Amazonas,Low latitude,3.05,1000.455358,3.268345162,878.26,2.869150332
APR 006,Amazon,-3.028,APR,Amazonas,Low latitude,3.09,1003.473199,3.27820402,873.67,2.854155456
APR 007,Amazon,-3.028,APR,Amazonas,Low latitude,3.23,1046.096554,3.417448449,904.98,2.956440767
APR 008,Amazon,-3.028,APR,Amazonas,Low latitude,3.02,988.1477622,3.228138,858.34,2.804074529
APR 009,Amazon,-3.028,APR,Amazonas,Low latitude,2.83,923.1237937,3.015713956,806.16,2.633609901
APR 011,Amazon,-3.028,APR,Amazonas,Low latitude,3.3015,1061.412702,3.467484122,932.1,3.045037944
APR 012,Amazon,-3.028,APR,Amazonas,Low latitude,3.2671,1064.569469,3.477796831,940.88,3.073720953
APR 013,Amazon,-3.028,APR,Amazonas,Low latitude,2.7664,899.1015173,2.937236601,786.25,2.568566767
APR 014,Amazon,-3.028,APR,Amazonas,Low latitude,2.8524,911.2891123,2.977051738,782.62,2.556708074
APR 015,Amazon,-3.028,APR,Amazonas,Low latitude,2.7277,887.2002636,2.8983569,752.3,2.457656952
APR 016,Amazon,-3.028,APR,Amazonas,Low latitude,3.0582,987.3438338,3.225511681,865.72,2.828183938
APR 017,Amazon,-3.028,APR,Amazonas,Low latitude,2.8027,904.4210218,2.954614664,787.34,2.572127642
APR 018,Amazon,-3.028,APR,Amazonas,Low latitude,2.856,926.5022728,3.026750966,806.26,2.633936587
APR 019,Amazon,-3.028,APR,Amazonas,Low latitude,3.0202,981.5333373,3.206529616,860.63,2.811555633
APR 020,Amazon,-3.028,APR,Amazonas,Low latitude,2.7602,895.6271546,2.925886353,774.35,2.529691162
APR 021,Amazon,-3.028,APR,Amazonas,Low latitude,2.7161,867.898523,2.835300862,753.67,2.462132547
APR 022,Amazon,-3.028,APR,Amazonas,Low latitude,2.811,915.9563308,2.992298876,798.99,2.610186532
APR 023,Amazon,-3.028,APR,Amazonas,Low latitude,3.0402,984.1550847,3.215094492,861.4,2.814071113
APR 024,Amazon,-3.028,APR,Amazonas,Low latitude,3.2703,1051.46301,3.434979897,904.6,2.955199361
APR 025,Amazon,-3.028,APR,Amazonas,Low latitude,2.8941,932.9532101,3.04782526,811.26,2.650270875
APR 026,Amazon,-3.028,APR,Amazonas,Low latitude,3.0713,989.4395461,3.232358074,859.51,2.807896753
APR 027,Amazon,-3.028,APR,Amazonas,Low latitude,3.1689,1030.868193,3.367699562,906.4,2.961079704
APR 028,Amazon,-3.028,APR,Amazonas,Low latitude,3.02,977.5571595,3.19354001,847.4,2.768335107
APR 029,Amazon,-3.028,APR,Amazonas,Low latitude,3.0208,974.7731097,3.184444915,851.18,2.780683829
APR 030,Amazon,-3.028,APR,Amazonas,Low latitude,2.8665,933.2114115,3.048668767,811.03,2.649519498
APR 031,Amazon,-3.028,APR,Amazonas,Low latitude,3.0515,988.9965388,3.230910833,871.6,2.847393061
APR 032,Amazon,-3.028,APR,Amazonas,Low latitude,3.028,988.5070328,3.229311686,855.11,2.793522579
APR 033,Amazon,-3.028,APR,Amazonas,Low latitude,2.8336,928.6410253,3.033737966,822.8,2.687970411
APR 034,Amazon,-3.028,APR,Amazonas,Low latitude,2.8192,915.3587779,2.990346756,796.74,2.602836103
APR 035,Amazon,-3.028,APR,Amazonas,Low latitude,2.8672,926.9515795,3.028218787,794.4,2.595191656
APR 036,Amazon,-3.028,APR,Amazonas,Low latitude,3.309,1076.439716,3.516575237,956.25,3.123932554
APR 037,Amazon,-3.028,APR,Amazonas,Low latitude,2.8517,929.7362736,3.037315986,812.52,2.654387115
APR 038,Amazon,-3.028,APR,Amazonas,Low latitude,2.9886,960.6686774,3.138367744,835.33,2.728904137
APR 039,Amazon,-3.028,APR,Amazonas,Low latitude,3.0091,979.4872285,3.19984527,861.5,2.814397799
APR 040,Amazon,-3.028,APR,Amazonas,Low latitude,2.791,910.6863853,2.975082714,798.78,2.609500492
APR 041,Amazon,-3.028,APR,Amazonas,Low latitude,3.3794,1099.249814,3.59109258,987.77,3.226903905
APR 043,Amazon,-3.028,APR,Amazonas,Low latitude,2.734,894.0051626,2.920587536,791.59,2.586011786
APR 044,Amazon,-3.028,APR,Amazonas,Low latitude,3.0643,995.9451638,3.253611001,875.29,2.859447765
APR 045,Amazon,-3.028,APR,Amazonas,Low latitude,2.7603,894.8448942,2.923330819,779.04,2.545012724
APR 046,Amazon,-3.028,APR,Amazonas,Low latitude,2.8718,927.5003628,3.030011584,814.19,2.659842767
APR 047,Amazon,-3.028,APR,Amazonas,Low latitude,2.9877,978.6957569,3.197259645,865.37,2.827040538
APR 048,Amazon,-3.028,APR,Amazonas,Low latitude,2.9645,952.6532988,3.112182644,848.12,2.770687245
APR 049,Amazon,-3.028,APR,Amazonas,Low latitude,3.2936,1057.494354,3.454683437,922.65,3.01416614
APR 050,Amazon,-3.028,APR,Amazonas,Low latitude,2.7205,898.8783609,2.936507581,796.39,2.601692703
APR 052,Amazon,-3.028,APR,Amazonas,Low latitude,2.7967,902.1387408,2.947158777,793.05,2.590781398
APR 053,Amazon,-3.028,APR,Amazonas,Low latitude,3.102,1003.871736,3.279505982,877.13,2.865458783
RPV 001,Amazon,-8.742,RPV,Rondonia,Mid latitude,2.6333,859.7607002,2.808715754,762.82,2.492024294
RPV 002,Amazon,-8.742,RPV,Rondonia,Mid latitude,3.1247,1016.723168,3.321489781,878.05,2.868464292
RPV 003,Amazon,-8.742,RPV,Rondonia,Mid latitude,3.2397,1055.915643,3.449526016,942.76,3.079862646
RPV 004,Amazon,-8.742,RPV,Rondonia,Mid latitude,2.8935,939.6294687,3.069635646,834.27,2.725441268
RPV 005,Amazon,-8.742,RPV,Rondonia,Mid latitude,2.9023,943.1483283,3.081131259,818.9,2.675229667
RPV 006,Amazon,-8.742,RPV,Rondonia,Mid latitude,2.9291,953.5752965,3.115194679,833.09,2.721586376
RPV 007,Amazon,-8.742,RPV,Rondonia,Mid latitude,2.8655,933.2229513,3.048706466,835.36,2.729002142
RPV 008,Amazon,-8.742,RPV,Rondonia,Mid latitude,3.0936,1012.996469,3.309315186,883.92,2.887640746
RPV 009,Amazon,-8.742,RPV,Rondonia,Mid latitude,2.978,957.8128932,3.129038304,829.37,2.709433665
RPV 010,Amazon,-8.742,RPV,Rondonia,Mid latitude,2.8886,943.7484182,3.083091667,827.05,2.701854556
RPV 011,Amazon,-8.742,RPV,Rondonia,Mid latitude,2.9577,953.473488,3.114862085,819.13,2.675981044
RPV 012,Amazon,-8.742,RPV,Rondonia,Mid latitude,2.9869,966.7146584,3.158119103,851.84,2.782839955
RPV 014,Amazon,-8.742,RPV,Rondonia,Mid latitude,3.0855,992.823712,3.243413662,856.33,2.797508146
RPV 015,Amazon,-8.742,RPV,Rondonia,Mid latitude,3.0409,987.0582556,3.224578737,870.28,2.843080809
RPV 016,Amazon,-8.742,RPV,Rondonia,Mid latitude,2.5153,828.7008368,2.707247605,723.64,2.364028814
RPV 017,Amazon,-8.742,RPV,Rondonia,Mid latitude,2.8236,922.5170417,3.013731784,797.58,2.605580263
RPV 018,Amazon,-8.742,RPV,Rondonia,Mid latitude,3.0539,995.9681027,3.253685939,886.35,2.89557921
RPV 019,Amazon,-8.742,RPV,Rondonia,Mid latitude,2.9977,979.1430319,3.198720829,890.62,2.909528692
RPV 020,Amazon,-8.742,RPV,Rondonia,Mid latitude,2.52,824.0752393,2.692136436,726.02,2.371803935
RPV 021,Amazon,-8.742,RPV,Rondonia,Mid latitude,3.08,987.9015834,3.227333769,851.84,2.782839955
RPV 022,Amazon,-8.742,RPV,Rondonia,Mid latitude,3.0086,983.1760935,3.211896267,860.5,2.811130942
RPV 023,Amazon,-8.742,RPV,Rondonia,Mid latitude,3.1525,1019.83332,3.331650204,893.2,2.917957184
RPV 024,Amazon,-8.742,RPV,Rondonia,Mid latitude,3.1929,1037.637257,3.389813131,918.8,3.001588738
RPV 025,Amazon,-8.742,RPV,Rondonia,Mid latitude,3.1198,1011.118193,3.303179126,878.56,2.870130389
RPV 026,Amazon,-8.742,RPV,Rondonia,Mid latitude,2.9795,962.403162,3.144034058,845.99,2.763728838
RPV 027,Amazon,-8.742,RPV,Rondonia,Mid latitude,3.0598,982.2537664,3.208883155,864.41,2.823904355
RPV 028,Amazon,-8.742,RPV,Rondonia,Mid latitude,3.0264,981.7128673,3.207116115,861.68,2.814985834
RPV 030,Amazon,-8.742,RPV,Rondonia,Mid latitude,3.0664,991.7465557,3.239894746,857.83,2.802408432
RPV 031,Amazon,-8.742,RPV,Rondonia,Mid latitude,2.7333,890.4189161,2.908871779,784.79,2.563797155
RPV 032,Amazon,-8.742,RPV,Rondonia,Mid latitude,2.7956,909.6622366,2.971736966,794.14,2.594342273
RPV 033,Amazon,-8.742,RPV,Rondonia,Mid latitude,2.8132,915.7335017,2.991570925,808.61,2.641613702
RPV 034,Amazon,-8.742,RPV,Rondonia,Mid latitude,2.8021,925.8934147,3.024761914,822.43,2.686761674
RPV 035,Amazon,-8.742,RPV,Rondonia,Mid latitude,2.9361,951.5451402,3.108562447,827.3,2.70267127
RPV 036,Amazon,-8.742,RPV,Rondonia,Mid latitude,2.8087,915.4278529,2.990572414,801.91,2.619725756
RPV 037,Amazon,-8.742,RPV,Rondonia,Mid latitude,3.1236,1002.164197,3.273927695,865.47,2.827367224
RPV 038,Amazon,-8.742,RPV,Rondonia,Mid latitude,2.9747,966.5598792,3.157613461,841.75,2.749877362
RPV 039,Amazon,-8.742,RPV,Rondonia,Mid latitude,2.8917,939.0153599,3.06762944,821.59,2.684017513
RPV 040,Amazon,-8.742,RPV,Rondonia,Mid latitude,2.9977,967.0974814,3.159369731,841.45,2.748897305
RPV 041,Amazon,-8.742,RPV,Rondonia,Mid latitude,2.6988,873.1828604,2.85256404,754.75,2.465660753
RPV 042,Amazon,-8.742,RPV,Rondonia,Mid latitude,2.6089,857.0414226,2.799832262,765.61,2.501138827
RPV 043,Amazon,-8.742,RPV,Rondonia,Mid latitude,3.0003,970.9098825,3.171824303,848.88,2.773170057
RPV 044,Amazon,-8.742,RPV,Rondonia,Mid latitude,3.0578,983.7009395,3.213610864,855.91,2.796136065
RPV 045,Amazon,-8.742,RPV,Rondonia,Mid latitude,3.1467,1028.16588,3.358871492,923.5,3.016942969
RPV 046,Amazon,-8.742,RPV,Rondonia,Mid latitude,2.7642,901.5919254,2.945372409,792.8,2.589964684
RPV 047,Amazon,-8.742,RPV,Rondonia,Mid latitude,3.298,1054.096624,3.443583538,917.11,2.996067749
RPV 048,Amazon,-8.742,RPV,Rondonia,Mid latitude,3.1064,1012.381579,3.307306428,895.89,2.926745031
RPV 049,Amazon,-8.742,RPV,Rondonia,Mid latitude,2.9792,960.6207128,3.13821105,836.24,2.731876977
RMO 001,Amazon,-9.223,RMO,Rondonia,Mid latitude,2.7333,890.6539516,2.909639607,786.54,2.569514156
RMO 002,Amazon,-9.223,RMO,Rondonia,Mid latitude,2.8968,934.8047925,3.053874116,820.61,2.680815993
RMO 003,Amazon,-9.223,RMO,Rondonia,Mid latitude,2.9909,972.4960747,3.177006167,861.18,2.813352405
RMO 004,Amazon,-9.223,RMO,Rondonia,Mid latitude,2.9065,941.8919585,3.077026878,823.24,2.689407828
RMO 005,Amazon,-9.223,RMO,Rondonia,Mid latitude,3.2766,1055.539891,3.448298487,910.41,2.974179803
RMO 006,Amazon,-9.223,RMO,Rondonia,Mid latitude,3.2156,1032.357049,3.372563444,889.12,2.904628405
RMO 007,Amazon,-9.223,RMO,Rondonia,Mid latitude,2.9575,958.5210563,3.131351772,832.53,2.719756935
RMO 008,Amazon,-9.223,RMO,Rondonia,Mid latitude,3.2347,1046.043682,3.417275724,921.41,3.010115236
RMO 009,Amazon,-9.223,RMO,Rondonia,Mid latitude,3.1294,1022.096864,3.339044882,889.57,2.906098491
RMO 010,Amazon,-9.223,RMO,Rondonia,Mid latitude,2.9108,943.3646004,3.081837789,817.19,2.66964334
RMO 011,Amazon,-9.223,RMO,Rondonia,Mid latitude,3.248,1078.128578,3.52209251,950.4,3.104821437
RMO 012,Amazon,-9.223,RMO,Rondonia,Mid latitude,2.9569,959.4064672,3.134244283,842.67,2.752882871
RMO 013,Amazon,-9.223,RMO,Rondonia,Mid latitude,3.214,1040.436447,3.398957686,920.16,3.006031664
RMO 014,Amazon,-9.223,RMO,Rondonia,Mid latitude,2.8753,934.2936452,3.05220427,821.85,2.684866896
RMO 015,Amazon,-9.223,RMO,Rondonia,Mid latitude,3.0817,998.1402707,3.260782102,862.66,2.818187354
RMO 016,Amazon,-9.223,RMO,Rondonia,Mid latitude,2.5963,843.2175556,2.754671657,730.94,2.387876874
RMO 017,Amazon,-9.223,RMO,Rondonia,Mid latitude,2.9852,961.0483859,3.139608198,851.25,2.780912509
RMO 018,Amazon,-9.223,RMO,Rondonia,Mid latitude,3.1777,1027.168775,3.355614091,899.21,2.937590998
RMO 019,Amazon,-9.223,RMO,Rondonia,Mid latitude,2.8765,938.3966686,3.065608263,823.48,2.690191874
RMO 020,Amazon,-9.223,RMO,Rondonia,Mid latitude,3.1087,1012.36,3.307235932,904.72,2.955591384
RMO 021,Amazon,-9.223,RMO,Rondonia,Mid latitude,3.1119,1017.387832,3.323661143,914.89,2.988815325
RMO 022,Amazon,-9.223,RMO,Rondonia,Mid latitude,2.5603,825.7759055,2.697692271,727.44,2.376442873
RMO 023,Amazon,-9.223,RMO,Rondonia,Mid latitude,3.0481,986.0780902,3.221376677,902,2.946705531
RMO 024,Amazon,-9.223,RMO,Rondonia,Mid latitude,3.1029,1015.625385,3.317903481,904.61,2.955232029
RMO 025,Amazon,-9.223,RMO,Rondonia,Mid latitude,3.1657,1022.392895,3.34001197,889.18,2.904824417
RMO 026,Amazon,-9.223,RMO,Rondonia,Mid latitude,2.9671,961.1616369,3.139978173,846.35,2.764904907
RMO 027,Amazon,-9.223,RMO,Rondonia,Mid latitude,3.253,1049.084803,3.427210632,929.06,3.035106697
RMO 028,Amazon,-9.223,RMO,Rondonia,Mid latitude,3.099,1027.018163,3.355122064,910.72,2.975192529
RMO 029,Amazon,-9.223,RMO,Rondonia,Mid latitude,3.0714,999.6374727,3.265673248,890.15,2.907993269
RMO 030,Amazon,-9.223,RMO,Rondonia,Mid latitude,3.169,1041.114935,3.40117421,923.94,3.018380386
RMO 031,Amazon,-9.223,RMO,Rondonia,Mid latitude,2.8769,937.1925342,3.061674528,834.92,2.727564725
RMO 032,Amazon,-9.223,RMO,Rondonia,Mid latitude,3.2487,1050.919671,3.433204884,932.73,3.047096064
RMO 033,Amazon,-9.223,RMO,Rondonia,Mid latitude,2.7693,906.2248829,2.960507622,805.5,2.631453775
RMO 034,Amazon,-9.223,RMO,Rondonia,Mid latitude,3.1764,1026.723916,3.354160801,916.47,2.99397696
RMO 035,Amazon,-9.223,RMO,Rondonia,Mid latitude,3.0099,980.1785552,3.202103736,857.04,2.799827614
RMO 036,Amazon,-9.223,RMO,Rondonia,Mid latitude,3.0141,988.2389932,3.228436039,878.65,2.870424407
RMO 037,Amazon,-9.223,RMO,Rondonia,Mid latitude,3.156,1023.423891,3.34338009,898.14,2.934095461
RMO 038,Amazon,-9.223,RMO,Rondonia,Mid latitude,2.8494,922.7932513,3.014634121,809.18,2.643475811
RMO 039,Amazon,-9.223,RMO,Rondonia,Mid latitude,2.8314,927.5216771,3.030081215,825.36,2.696333567
RMO 040,Amazon,-9.223,RMO,Rondonia,Mid latitude,2.9244,948.1231663,3.097383346,833.35,2.722435759
RMO 041,Amazon,-9.223,RMO,Rondonia,Mid latitude,2.8579,931.3213112,3.042494078,833.88,2.724167193
RMO 042,Amazon,-9.223,RMO,Rondonia,Mid latitude,3.2487,1053.997008,3.443258107,936.67,3.059967483
RMO 043,Amazon,-9.223,RMO,Rondonia,Mid latitude,2.7731,899.9232446,2.939921067,796.44,2.601856046
RMO 044,Amazon,-9.223,RMO,Rondonia,Mid latitude,3.1246,1014.145946,3.313070364,886.36,2.895611879
RMO 045,Amazon,-9.223,RMO,Rondonia,Mid latitude,3.1466,1019.477242,3.330486947,899.44,2.938342376
TLC 001,Cerrado,-10.7,TLC,Tocantins,Mid latitude,2.7127,903.8095443,2.952617054,811.59,2.651348938
TLC 002,Cerrado,-10.7,TLC,Tocantins,Mid latitude,3.4295,1112.812376,3.635399539,976.9,3.191393163
TLC 003,Cerrado,-10.7,TLC,Tocantins,Mid latitude,3.1484,1019.918926,3.331929867,909.41,2.970912946
TLC 004,Cerrado,-10.7,TLC,Tocantins,Mid latitude,3.2974,1069.550229,3.494068265,935.17,3.055067197
TLC 006,Cerrado,-10.7,TLC,Tocantins,Mid latitude,3.0158,975.5710754,3.187051756,849.19,2.774182783
TLC 007,Cerrado,-10.7,TLC,Tocantins,Mid latitude,3.1718,1026.777109,3.354334573,904.68,2.955460709
TLC 008,Cerrado,-10.7,TLC,Tocantins,Mid latitude,3.0308,986.5609264,3.222954034,859.76,2.808713467
TLC 010,Cerrado,-10.7,TLC,Tocantins,Mid latitude,3.0458,987.6390652,3.22647616,876.91,2.864740074
TLC 012,Cerrado,-10.7,TLC,Tocantins,Mid latitude,3.2797,1060.110517,3.46323007,915.24,2.989958725
TLC 013,Cerrado,-10.7,TLC,Tocantins,Mid latitude,2.6502,855.1431729,2.79363095,752.68,2.458898358
TLC 014,Cerrado,-10.7,TLC,Tocantins,Mid latitude,2.809,912.39971,2.980679902,814.22,2.659940773
TLC 017,Cerrado,-10.7,TLC,Tocantins,Mid latitude,2.8788,936.9644932,3.06092955,827.05,2.701854556
TLC 018,Cerrado,-10.7,TLC,Tocantins,Mid latitude,3.1109,1014.462874,3.314105723,890.33,2.908581303
TLC 022,Cerrado,-10.7,TLC,Tocantins,Mid latitude,3.3062,1070.760621,3.498022444,919.17,3.002797475
TLC 023,Cerrado,-10.7,TLC,Tocantins,Mid latitude,3.0711,998.9964965,3.26357927,879.2,2.872221178
TLC 024,Cerrado,-10.7,TLC,Tocantins,Mid latitude,2.9739,970.3009842,3.169835119,851.12,2.780487818
TLC 025,Cerrado,-10.7,TLC,Tocantins,Mid latitude,3.1437,1017.327948,3.323465511,878.45,2.869771035
TLC 026,Cerrado,-10.7,TLC,Tocantins,Mid latitude,3.251,1054.833782,3.445991729,932.44,3.046148675
TLC 027,Cerrado,-10.7,TLC,Tocantins,Mid latitude,3.1005,1008.418945,3.294361068,903.74,2.952389863
TLC 028,Cerrado,-10.7,TLC,Tocantins,Mid latitude,3.2312,1041.353409,3.401953271,926.42,3.026482193
TLC 029,Cerrado,-10.7,TLC,Tocantins,Mid latitude,3.1343,1023.0738,3.342236391,887.58,2.899597445
TLC 033,Cerrado,-10.7,TLC,Tocantins,Mid latitude,3.1554,1020.539525,3.333957277,906.97,2.962941813
TLC 035,Cerrado,-10.7,TLC,Tocantins,Mid latitude,3.3035,1067.924803,3.48875823,945.36,3.088356475
TLC 036,Cerrado,-10.7,TLC,Tocantins,Mid latitude,2.7652,903.9585593,2.953103865,819.12,2.675948375
TLC 037,Cerrado,-10.7,TLC,Tocantins,Mid latitude,3.0995,999.4443071,3.265042204,869.35,2.840042631
TLC 038,Cerrado,-10.7,TLC,Tocantins,Mid latitude,2.949,969.6257803,3.167629323,852.06,2.783558664
TLC 039,Cerrado,-10.7,TLC,Tocantins,Mid latitude,3.1266,1017.192214,3.323022087,892.41,2.915376367
TLC 040,Cerrado,-10.7,TLC,Tocantins,Mid latitude,3.2706,1064.723438,3.478299828,930.4,3.039484286
TLC 041,Cerrado,-10.7,TLC,Tocantins,Mid latitude,3.0708,990.2898566,3.235135917,881.21,2.878787562
TLC 043,Cerrado,-10.7,TLC,Tocantins,Mid latitude,3.1514,1019.648507,3.331046446,893.74,2.919721287
TLC 044,Cerrado,-10.7,TLC,Tocantins,Mid latitude,3.0644,993.2366671,3.244762728,859.05,2.806393998
TLC 046,Cerrado,-10.7,TLC,Tocantins,Mid latitude,3.1791,1029.403337,3.362914088,912.86,2.982183604
TLC 047,Cerrado,-10.7,TLC,Tocantins,Mid latitude,3.0887,996.9863821,3.257012513,875.73,2.860885183
TLC 048,Cerrado,-10.7,TLC,Tocantins,Mid latitude,2.9311,948.5504731,3.098779296,828.16,2.705480768
TLC 049,Cerrado,-10.7,TLC,Tocantins,Mid latitude,3.2156,1043.704128,3.409632736,915.97,2.992343531
TLC 050,Cerrado,-10.7,TLC,Tocantins,Mid latitude,3.2847,1055.93626,3.449593367,919.34,3.003352841
TLC 052,Cerrado,-10.7,TLC,Tocantins,Mid latitude,3.2666,1054.129389,3.443690578,942.98,3.080581354
TLC 053,Cerrado,-10.7,TLC,Tocantins,Mid latitude,2.92,945.2363156,3.087952416,828,2.704958071
TLC 055,Cerrado,-10.7,TLC,Tocantins,Mid latitude,3.2117,1042.239896,3.404849296,909.21,2.970259574
TLC 057,Cerrado,-10.7,TLC,Tocantins,Mid latitude,3.1243,1003.149809,3.277147549,888.61,2.902962308
TLC 058,Cerrado,-10.7,TLC,Tocantins,Mid latitude,3.3289,1045.850703,3.416645288,856.05,2.796593425
TLC 070,Cerrado,-10.7,TLC,Tocantins,Mid latitude,3.0691,995.9752082,3.253709152,866.21,2.829784698
TLC 071,Cerrado,-10.7,TLC,Tocantins,Mid latitude,2.6372,862.5662962,2.817881237,745.05,2.433972235
TLC 073,Cerrado,-10.7,TLC,Tocantins,Mid latitude,3.018,962.2276238,3.1434606,844,2.757227792
TLC 074,Cerrado,-10.7,TLC,Tocantins,Mid latitude,3.093,1000.622268,3.268890434,885.52,2.892867718
TLC 075,Cerrado,-10.7,TLC,Tocantins,Mid latitude,3.0479,990.2187016,3.234903464,856.98,2.799631603
TLC 076,Cerrado,-10.7,TLC,Tocantins,Mid latitude,3.0098,972.1317575,3.175815994,843.22,2.754679643
TLC 077,Cerrado,-10.7,TLC,Tocantins,Mid latitude,2.9512,962.4361717,3.144141896,857.82,2.802375763
TLC 078,Cerrado,-10.7,TLC,Tocantins,Mid latitude,3.0767,992.573423,3.242596004,867.26,2.833214899
TLC 079,Cerrado,-10.7,TLC,Tocantins,Mid latitude,3.2936,1068.901521,3.491949029,943.98,3.083848212
TLC 080,Cerrado,-10.7,TLC,Tocantins,Mid latitude,3.0055,968.9402617,3.165389832,846.05,2.76392485
TLC 081,Cerrado,-10.7,TLC,Tocantins,Mid latitude,3.0772,992.4700344,3.242258248,884.07,2.888130775
TLC 082,Cerrado,-10.7,TLC,Tocantins,Mid latitude,3.1472,1024.913054,3.348244974,897.45,2.931841329
TLC 083,Cerrado,-10.7,TLC,Tocantins,Mid latitude,2.9745,971.1273386,3.1725347,869.59,2.840826677
TPN 001,Cerrado,-10.796,TPN,Tocantins,Mid latitude,3.1544,1027.1347,3.355502774,923.15,3.015799569
TPN 002,Cerrado,-10.796,TPN,Tocantins,Mid latitude,3.0363,986.0564815,3.221306084,883.27,2.885517289
TPN 003,Cerrado,-10.796,TPN,Tocantins,Mid latitude,3.16,1023.455008,3.343481744,905.32,2.957551498
TPN 004,Cerrado,-10.796,TPN,Tocantins,Mid latitude,3.127,1013.926564,3.312353674,913.93,2.985679142
TPN 006,Cerrado,-10.796,TPN,Tocantins,Mid latitude,3.0177,981.2601788,3.205637246,874.44,2.856670936
TPN 007,Cerrado,-10.796,TPN,Tocantins,Mid latitude,2.486,825.5672176,2.697010517,753.21,2.460629793
TPN 008,Cerrado,-10.796,TPN,Tocantins,Mid latitude,3.089,1003.637308,3.278740141,894.13,2.920995362
TPN 009,Cerrado,-10.796,TPN,Tocantins,Mid latitude,2.987,967.5865296,3.160967382,866.41,2.83043807
TPN 010,Cerrado,-10.796,TPN,Tocantins,Mid latitude,3.151,1025.138265,3.348980703,908.99,2.969540865
TPN 011,Cerrado,-10.796,TPN,Tocantins,Mid latitude,3.1688,1027.470307,3.356599152,925.55,3.023640027
TPN 012,Cerrado,-10.796,TPN,Tocantins,Mid latitude,3.1923,1037.244797,3.388531021,950.66,3.10567082
TPN 013,Cerrado,-10.796,TPN,Tocantins,Mid latitude,3.099,1004.459212,3.281425182,895.61,2.925830311
TPN 014,Cerrado,-10.796,TPN,Tocantins,Mid latitude,3.005,979.716678,3.200594849,885.98,2.894370473
TPN 016,Cerrado,-10.796,TPN,Tocantins,Mid latitude,3.1378,1015.795104,3.318457927,899.26,2.937754341
TPN 017,Cerrado,-10.796,TPN,Tocantins,Mid latitude,3.0181,979.2592962,3.199100648,874.41,2.856572931
TPN 018,Cerrado,-10.796,TPN,Tocantins,Mid latitude,2.9385,953.6326498,3.115382044,850.5,2.778462366
TPN 020,Cerrado,-10.796,TPN,Tocantins,Mid latitude,2.894,933.3828467,3.049228821,827.08,2.701952562
SJU 001,Mata Atlantica,-22.611,SJU,Rio de Janeiro,High latitude,3.6804,1184.776837,3.870497183,1054.71,3.445587351
SJU 002,Mata Atlantica,-22.611,SJU,Rio de Janeiro,High latitude,3.6146,1169.080901,3.819220796,1027.44,3.356500145
SJU 003,Mata Atlantica,-22.611,SJU,Rio de Janeiro,High latitude,3.4619,1120.780429,3.661430031,993.3,3.244969627
SJU 004,Mata Atlantica,-22.611,SJU,Rio de Janeiro,High latitude,3.3735,1096.814128,3.583135539,961.9,3.1423903
SJU 005,Mata Atlantica,-22.611,SJU,Rio de Janeiro,High latitude,3.4466,1107.340612,3.617524064,954.76,3.119064937
SJU 006,Mata Atlantica,-22.611,SJU,Rio de Janeiro,High latitude,3.4335,1115.484441,3.644128794,984.01,3.214620521
SJU 009,Mata Atlantica,-22.611,SJU,Rio de Janeiro,High latitude,3.5691,1158.735982,3.785425419,1030.65,3.366986758
SJU 010,Mata Atlantica,-22.611,SJU,Rio de Janeiro,High latitude,3.4576,1104.633319,3.608679723,978.87,3.197828873
SJU 011,Mata Atlantica,-22.611,SJU,Rio de Janeiro,High latitude,3.5032,1135.204353,3.708550938,1011.34,3.303903738
SJU 012,Mata Atlantica,-22.611,SJU,Rio de Janeiro,High latitude,3.3777,1096.092921,3.580779461,965.11,3.152876912
SJU 013,Mata Atlantica,-22.611,SJU,Rio de Janeiro,High latitude,3.5775,1156.978027,3.779682428,1013.18,3.309914756
