Code,Latitude,Family,Temp Num,Well,Sex num f0,Wing.length..mm.,CS 13 from MOG unscaled,CS scaled 13,CS 18 from MOG,CS 18 scaled,,
APR 068,-3.028,2,20,3,0,2.667,862.69,2.81828536,771.95,2.521850704,,306.10456
APR 069,-3.028,2,24,1,1,2.666,861.74,2.815181845,712.08,2.326263941,,
APR 072,-3.028,2,24,1,1,2.693,873.11,2.852326016,719.56,2.350700035,,
APR 074,-3.028,2,24,2,0,2.61,884.93,2.890940272,762.67,2.491534265,,
APR 080,-3.028,2,24,3,1,2.468,798.89,2.609859847,666.92,2.178732653,,
APR 081,-3.028,2,24,3,0,2.455,810.22,2.646873343,714.91,2.335509148,,
APR 082,-3.028,2,24,3,1,2.641,857.52,2.801395706,722.45,2.360141254,,
APR 087,-3.028,2,28,1,0,2.631,868.45,2.837102459,769.97,2.515382326,,
APR 097,-3.028,2,28,3,1,2.78,900.77,2.942687296,764.42,2.497251266,,
APR 100,-3.028,3,20,1,0,2.764,912.25,2.980190821,800.4,2.614792802,,
APR 102,-3.028,3,20,1,0,2.705,902.28,2.947620251,782.94,2.557753468,,
APR 105,-3.028,3,20,2,1,2.731,883.35,2.885778637,724.27,2.366086934,,
APR 106,-3.028,3,20,2,1,2.712,874.27,2.85611557,699.48,2.285101535,,
APR 112,-3.028,3,20,3,1,2.763,899.46,2.938407713,751.29,2.454357426,,
APR 116,-3.028,3,24,1,1,2.55,827.16,2.70221391,683.24,2.232047768,,
APR 122,-3.028,3,24,2,0,2.66,881.5,2.879734951,766.6,2.504373016,,
APR 128,-3.028,3,24,3,1,2.78,900.98,2.943373336,740.75,2.419924747,,
APR 130,-3.028,3,28,1,0,2.526,837.26,2.735209172,741.67,2.422930256,,
APR 132,-3.028,3,28,1,0,2.619,869.41,2.840238643,754.85,2.465987439,,
APR 142,-3.028,3,28,3,1,2.632,850.9,2.779769109,715.54,2.337567268,,
APR 143,-3.028,3,28,3,1,2.858,930.2,3.038830915,773.93,2.528319082,,
APR 144,-3.028,4,20,1,0,2.821,946.49,3.092048024,824.07,2.69211932,,
APR 146,-3.028,4,20,1,0,2.646,880.1,2.87516135,769.16,2.512736171,,
APR 153,-3.028,4,20,2,1,2.836,960.49,3.13778403,787.71,2.573336379,,
APR 157,-3.028,4,20,3,1,2.852,927.67,3.030565765,767.54,2.507443862,,
APR 159,-3.028,4,24,1,1,2.646,858.24,2.803747844,714.9,2.335476479,,
APR 163,-3.028,4,24,1,1,2.546,829.03,2.708322934,684.55,2.236327352,,
APR 172,-3.028,4,24,3,0,2.806,919.94,3.005312956,803.5,2.62492006,,
APR 175,-3.028,4,28,1,0,2.402,792.85,2.590128027,692.64,2.262756229,,
APR 178,-3.028,4,28,1,1,2.483,807.64,2.63844485,678.33,2.216007498,,
APR 186,-3.028,4,28,3,1,2.491,811.32,2.650466886,680.13,2.221887841,,
APR 189,-3.028,7,20,1,1,2.692,877.07,2.865262772,722.36,2.359847237,,
APR 192,-3.028,7,20,1,1,2.828,919.81,3.004888264,746.95,2.440179264,,
APR 197,-3.028,7,20,2,1,2.863,920.8,3.008122453,747.65,2.442466065,,
APR 203,-3.028,7,20,3,0,2.814,929.53,3.03664212,807.33,2.637432125,,
APR 208,-3.028,7,24,1,0,2.755,912.64,2.981464896,803.49,2.624887391,,
APR 209,-3.028,7,24,2,1,2.672,866.09,2.829392675,715.07,2.336031845,,
APR 231,-3.028,7,28,3,1,2.52,825.51,2.696823595,687.56,2.246160593,,
APR 235,-3.028,8,20,1,1,2.565,835.61,2.729818857,680.89,2.224370653,,
APR 239,-3.028,8,20,2,0,2.789,919.23,3.002993487,812.81,2.655334504,,
APR 243,-3.028,8,20,2,1,2.861,935.24,3.055295877,771.84,2.521491349,,
APR 244,-3.028,8,20,3,1,2.764,903.82,2.952651212,753.75,2.462393896,,
APR 248,-3.028,8,20,3,1,2.828,928.42,3.033015908,777.42,2.539720414,,
APR 253,-3.028,8,24,1,0,2.607,870.43,2.843570837,766.78,2.50496105,,
APR 254,-3.028,8,24,2,1,2.487,816.33,2.666833843,676.93,2.211433897,,
APR 256,-3.028,8,24,2,0,2.576,849.29,2.774509468,735.44,2.402577734,,
APR 259,-3.028,8,24,3,0,2.388,795.31,2.598164496,689.97,2.25403372,,
APR 261,-3.028,8,24,3,1,2.3,757.08,2.473272531,625.45,2.043256069,,
APR 262,-3.028,8,24,3,0,2.534,842.27,2.751576128,741.76,2.423224273,,
APR 263,-3.028,8,24,3,1,2.568,839.26,2.741742887,695.19,2.271086716,,
APR 265,-3.028,8,28,1,0,2.444,812.69,2.654942481,709.78,2.318750168,,
APR 266,-3.028,8,28,1,1,2.519,823.09,2.6889178,688.26,2.248447393,,
APR 280,-3.028,10,20,1,0,2.691,889.15,2.904726411,771.85,2.521524018,,
APR 285,-3.028,10,20,2,1,2.753,900.52,2.941870582,729.38,2.382780577,,
APR 291,-3.028,10,20,3,1,2.583,846.4,2.76506825,689.58,2.252759645,,
APR 293,-3.028,10,20,3,1,2.808,910.9,2.975780563,,0,,
APR 295,-3.028,10,24,1,0,2.511,836.73,2.733477737,733.63,2.396664721,,
APR 297,-3.028,10,24,1,0,2.775,922.89,3.014950186,809.45,2.644357863,,
APR 308,-3.028,10,24,3,1,2.86,928.95,3.034747343,770,2.515480331,,
APR 312,-3.028,10,28,1,1,2.694,878.16,2.868823646,734.41,2.39921287,,
APR 315,-3.028,10,28,2,0,2.256,745.36,2.434984961,637.7,2.083275074,,
APR 331,-3.028,14,20,2,0,2.668,886.21,2.89512185,765.71,2.501465512,,
APR 332,-3.028,14,20,2,0,2.625,877.07,2.865262772,759.04,2.479675572,,
APR 333,-3.028,14,20,2,1,2.935,946.75,3.092897407,773.7,2.527567704,,
APR 353,-3.028,14,24,3,0,2.811,930.02,3.03824288,810.12,2.646546657,,
APR 359,-3.028,14,28,2,0,2.516,836.71,2.7334124,729.36,2.38271524,,
APR 363,-3.028,14,28,2,0,2.47,817.6,2.670982752,710.52,2.321167643,,
APR 370,-3.028,19,20,1,1,2.701,870.4,2.843472832,730.93,2.387844206,,
APR 378,-3.028,19,20,2,0,2.758,921.36,3.009951894,812.72,2.655040487,,
APR 382,-3.028,19,20,3,1,2.813,915.14,2.989632039,770.7,2.517767132,,
APR 388,-3.028,19,24,1,0,2.759,915.75,2.991624823,823.72,2.69097592,,
APR 392,-3.028,19,24,2,0,2.488,823.43,2.690028531,714.14,2.332993667,,
APR 399,-3.028,19,28,1,0,2.45,815.1,2.662815608,713.71,2.331588919,,
APR 400,-3.028,19,28,1,1,2.447,803.85,2.62606346,675.36,2.206304931,,
APR 402,-3.028,19,28,1,1,2.461,805.6,2.631780461,698.61,2.282259369,,
APR 407,-3.028,19,28,2,1,2.418,794.75,2.596335056,663.51,2.167592668,,
APR 415,-3.028,18,20,1,0,2.682,886.89,2.897343313,775.16,2.532337316,,
APR 418,-3.028,18,20,1,1,2.892,938.62,3.066337855,781.49,2.553016525,,
APR 419,-3.028,18,20,2,0,2.65,889.52,2.905935148,768.15,2.509436645,,
APR 421,-3.028,18,20,2,1,2.706,880.46,2.876337419,722.56,2.360500608,,
APR 426,-3.028,18,20,3,1,2.586,856.16,2.79695278,714.35,2.333679707,,
APR 433,-3.028,18,24,1,0,2.659,875.84,2.861244537,774.1,2.528874447,,
APR 439,-3.028,18,24,3,1,2.602,846.25,2.764578221,700.1,2.287126987,,
APR 447,-3.028,18,28,1,0,2.415,800.64,2.615576847,700.69,2.289054433,,
APR 450,-3.028,18,28,2,0,2.4563,817.52,2.670721403,716.28,2.339984742,,
APR 452,-3.028,18,28,2,1,2.648,866.82,2.831777482,725.59,2.370399186,,
APR 457,-3.028,18,28,3,0,2.433,811.25,2.650238206,713.22,2.329988158,,
APR 464,-3.028,33,20,2,1,2.803,905.02,2.956571441,759.46,2.481047652,,
APR 472,-3.028,33,20,3,0,2.72,901.9,2.946378845,788.57,2.576145876,,
APR 474,-3.028,33,24,1,0,2.566,844.17,2.757783157,735.38,2.402381722,,
APR 475,-3.028,33,24,1,1,2.535,824.51,2.693556738,690.89,2.257039229,,
APR 477,-3.028,33,24,1,1,2.604,844.43,2.75863254,703.75,2.299051017,,
APR 478,-3.028,33,24,1,1,2.477,814.91,2.662194905,673.6,2.200555261,,
APR 480,-3.028,33,24,2,1,2.601,848.77,2.772810702,705.81,2.305780744,,
APR 483,-3.028,33,24,2,0,2.68,880.65,2.876958122,776.95,2.538184991,,
APR 492,-3.028,33,28,1,0,2.55,842.22,2.751412785,734.51,2.399539556,,
APR 496,-3.028,33,28,2,1,2.458,797.75,2.606135629,660.73,2.158510804,,
APR 500,-3.028,33,28,3,1,2.384,785.21,2.565169235,659.34,2.153969872,,
APR 501,-3.028,33,28,3,0,2.402,793.16,2.591140753,687.53,2.246062587,,
APR 504,-3.028,36,20,1,0,2.792,924.76,3.021059209,805.24,2.630604392,,
APR 506,-3.028,36,20,1,1,2.719,885.71,2.893488421,716,2.339070022,,
APR 509,-3.028,36,20,2,0,2.926,967.78,3.161599422,841.48,2.748995311,,
APR 515,-3.028,36,20,3,1,2.845,927.61,3.030369753,769.41,2.513552885,,
APR 523,-3.028,36,24,1,1,2.526,851.98,2.783297315,749.17,2.447431688,,
APR 527,-3.028,36,24,2,1,2.771,907.6,2.964999933,746.99,2.440309939,,
APR 531,-3.028,36,24,3,0,2.51,834.82,2.727238039,740.29,2.418421993,,
APR 534,-3.028,36,28,1,1,2.592,846.07,2.763990187,710.23,2.320220254,,
APR 542,-3.028,36,28,2,1,2.801,911.85,2.978884078,757.84,2.475755343,,
APR 544,-3.028,36,28,3,1,2.646,868.81,2.838278528,739.69,2.416461878,,
APR 546,-3.028,36,28,3,1,2.46,795.82,2.599830594,660.15,2.156616027,,
APR 562,-3.028,38,20,3,0,2.705,898.65,2.935761558,792.8,2.589964684,,
APR 567,-3.028,38,24,1,0,2.459,815.34,2.663599654,719.37,2.350079332,,
APR 569,-3.028,38,24,2,0,2.397,791.33,2.585162403,682,2.227996865,,
APR 571,-3.028,38,24,2,1,2.572,837.29,2.735307177,686.93,2.244102473,,
APR 573,-3.028,38,24,2,0,2.723,898.42,2.935010181,784.81,2.563862492,,
APR 575,-3.028,38,24,3,1,2.529,821.61,2.684082851,693.09,2.264226315,,
APR 585,-3.028,38,28,2,0,2.626,867.88,2.835240351,760.5,2.484445184,,
APR 589,-3.028,38,28,3,1,2.514,821.45,2.683560153,679.81,2.220842447,,
APR 591,-3.028,38,28,3,0,2.426,806.29,2.634034593,695.13,2.270890705,,
APR 593,-3.028,38,28,3,0,2.554,847.88,2.769903199,749.27,2.447758374,,
APR 605,-3.028,40,20,3,0,2.685,884.16,2.888424792,787.92,2.574022419,,
APR 606,-3.028,40,20,3,1,2.827,923.1,3.015636226,768.77,2.511462096,,
APR 624,-3.028,40,28,1,0,2.327,769.64,2.514304263,673.88,2.201469981,,
APR 627,-3.028,40,28,1,1,2.673,875.78,2.861048525,731.01,2.388105555,,
APR 631,-3.028,40,28,2,1,2.506,823.43,2.690028531,679.42,2.219568372,,
APR 639,-3.028,44,20,1,0,2.766,925.36,3.023019324,822.97,2.688525777,,
APR 641,-3.028,44,20,1,0,2.646,883.41,2.885974649,758.97,2.479446892,,
APR 643,-3.028,44,20,1,0,2.979,994.33,3.248334491,890.72,2.909855378,,
APR 657,-3.028,44,24,1,0,2.66,884.93,2.890940272,787.2,2.571670282,,
APR 664,-3.028,44,28,1,1,2.643,868.19,2.836253076,732.4,2.392646487,,
APR 670,-3.028,44,28,2,0,2.547,840.14,2.744617721,739.81,2.416853901,,
APR 675,-3.028,6,20,1,0,2.759,909.09,2.969867551,782.31,2.555695348,,
APR 677,-3.028,6,20,1,0,2.82,932.31,3.045723984,814.69,2.661476196,,
APR 677,-3.028,6,20,1,0,2.82,928.18,3.032231862,818.82,2.674968318,,
APR 678,-3.028,6,20,1,0,2.898,965.46,3.154020313,827.67,2.703880008,,
APR 702,-3.028,6,24,3,1,2.831,916.38,2.993682943,759.52,2.481243664,,
APR 709,-3.028,6,28,2,0,2.319,767.44,2.507117176,670.57,2.190656683,,
APR 712,-3.028,6,28,2,1,2.766,898.9,2.936578272,766.94,2.505483747,,
APR 714,-3.028,6,28,3,0,2.443,816.04,2.665886454,717.25,2.343153594,,
ARS 023,-2.864,14,20,1,1,2.758,886.95,2.897539324,737.5,2.40930746,,
ARS 024,-2.864,14,20,1,0,2.671,878.39,2.869575024,776.73,2.537466283,,
ARS 029,-2.864,14,20,2,0,2.685,867.48,2.833933608,765.38,2.500387449,,
ARS 032,-2.864,14,20,3,1,2.788,892.19,2.914657658,752.46,2.458179649,,
ARS 036,-2.864,14,24,1,1,2.648,855.47,2.794698648,726.44,2.373176015,,
ARS 037,-2.864,14,24,1,0,2.639,874.79,2.857814336,776.08,2.535342825,,
ARS 038,-2.864,14,24,1,1,2.694,857.64,2.801787729,731.09,2.388366903,,
ARS 039,-2.864,14,24,1,0,2.713,884.18,2.888490129,767.95,2.508783273,,
ARS 040,-2.864,14,24,1,1,2.771,894.95,2.923674185,736.98,2.407608694,,
ARS 042,-2.864,14,24,2,1,2.526,809.07,2.643116457,683.69,2.233517854,,
ARS 045,-2.864,14,24,2,1,2.705,866.07,2.829327338,721.68,2.357625773,,
ARS 048,-2.864,14,24,3,1,2.665,856.9,2.799370254,722.56,2.360500608,,
ARS 056,-2.864,14,28,2,1,2.536,818.05,2.672452838,698.9,2.283206758,,
ARS 057,-2.864,14,28,2,0,2.356,768.54,2.510710719,661.63,2.161450976,,
ARS 059,-2.864,14,28,2,1,2.699,863.39,2.82057216,737.57,2.40953614,,
ARS 061,-2.864,14,28,3,1,2.533,820.39,2.680097284,683.21,2.231949763,,
ARS 074,-2.864,17,20,2,1,2.651,836.31,2.732105657,678.95,2.218032949,,
ARS 076,-2.864,17,20,3,0,2.465,809.65,2.645011234,708.79,2.315515979,,
ARS 078,-2.864,17,20,3,1,2.82,890.46,2.909005995,754.11,2.463569964,,
ARS 082,-2.864,17,24,1,1,2.549,820.72,2.681175347,684.91,2.23750342,,
ARS 089,-2.864,17,24,2,0,2.741,904.27,2.954121298,797.5,2.605318915,,
ARS 093,-2.864,17,24,3,0,2.389,784.38,2.562457743,700.13,2.287224993,,
ARS 100,-2.864,17,28,1,0,2.771,900.16,2.940694513,798.86,2.609761841,,
ARS 103,-2.864,17,28,2,1,2.588,832.14,2.718482861,693.12,2.264324321,,
ARS 104,-2.864,17,28,2,1,2.861,916.42,2.993813617,765.72,2.501498181,,
ARS 108,-2.864,17,28,3,0,2.449,800.78,2.616034207,702.44,2.294771434,,
ARS 113,-2.864,3,20,1,1,2.93,939.03,3.067677267,776.47,2.5366169,,
ARS 116,-2.864,3,20,2,0,2.755,896.13,2.927529077,767.24,2.506463804,,
ARS 118,-2.864,3,20,2,1,3.004,959.4,3.134223156,804.5,2.628186918,,
ARS 119,-2.864,3,20,2,0,2.934,962.26,3.143566368,847.16,2.767551062,,
ARS 120,-2.864,3,20,2,1,2.638,849.63,2.7756202,694.21,2.267885196,,
ARS 124,-2.864,3,20,3,0,2.765,906.24,2.960557007,780.98,2.551350427,,
ARS 128,-2.864,3,24,1,1,2.636,853.07,2.78685819,713.61,2.331262233,,
ARS 136,-2.864,3,24,3,1,2.694,871.05,2.845596289,720.5,2.353770881,,
ARS 139,-2.864,3,24,3,0,2.781,926,3.025110113,808.68,2.641842382,,
ARS 142,-2.864,3,28,1,0,2.461,813.81,2.658601362,701.71,2.292386628,,
ARS 147,-2.864,3,28,2,1,2.468,795.21,2.597837811,649.65,2.122314022,,
ARS 156,-2.864,16,20,1,0,2.609,871.52,2.847131712,769.9,2.515153646,,
ARS 163,-2.864,16,20,2,0,2.843,932.76,3.04719407,801.75,2.619203059,,
ARS 164,-2.864,16,20,2,1,2.944,958.31,3.130662281,807.41,2.637693473,,
ARS 165,-2.864,16,20,2,1,2.917,944.01,3.083946218,783.57,2.559811589,,
ARS 166,-2.864,16,20,3,0,2.704,902.33,2.947783594,777.71,2.540667803,,
ARS 174,-2.864,16,24,1,0,2.814,923.08,3.015570889,810.3,2.647134691,,
ARS 178,-2.864,16,24,2,1,2.512,831.56,2.716588083,716.34,2.340180754,,
ARS 180,-2.864,16,24,2,1,2.724,883.22,2.885353946,726.85,2.374515427,,
ARS 181,-2.864,16,24,3,1,2.509,813.48,2.657523299,678.05,2.215092777,,
ARS 182,-2.864,16,24,3,0,2.575,847.92,2.770033873,708.64,2.315025951,,
ARS 186,-2.864,16,28,1,1,2.456,796.19,2.601039331,670.35,2.189937974,,
ARS 188,-2.864,16,28,1,0,2.385,786.09,2.56804407,674.12,2.202254027,,
ARS 196,-2.864,16,28,3,0,2.355,779.98,2.54808357,684.43,2.235935329,,
ARS 246,-2.864,4,20,1,0,2.766,899.49,2.938505718,742.97,2.427177171,,
ARS 247,-2.864,4,20,1,1,2.621,846.25,2.764578221,709.21,2.316888059,,
ARS 251,-2.864,4,20,2,1,2.692,875.93,2.861538554,712.2,2.326655964,,
ARS 254,-2.864,4,20,2,0,2.745,906.8,2.962386447,785.24,2.565267241,,
ARS 255,-2.864,4,20,2,0,2.659,876.9,2.864707406,761.98,2.489280134,,
ARS 259,-2.864,4,20,3,1,2.725,876.6,2.863727349,722.4,2.359977911,,
ARS 261,-2.864,4,24,1,1,2.576,831.43,2.716163392,694.06,2.267395167,,
ARS 264,-2.864,4,24,1,0,2.785,912.36,2.980550175,790.06,2.581013494,,
ARS 265,-2.864,4,24,1,0,2.547,836.64,2.73318372,713.19,2.329890153,,
ARS 268,-2.864,4,24,2,1,2.856,925.4,3.023149998,774.01,2.52858043,,
ARS 269,-2.864,4,24,2,1,2.836,899.89,2.939812461,762.62,2.491370922,,
ARS 272,-2.864,4,24,3,0,2.483,816.2,2.666409151,706.49,2.308002207,,
ARS 276,-2.864,4,28,1,0,2.345,771.8,2.521360675,659.59,2.154786587,,
ARS 278,-2.864,4,28,1,1,2.593,834.26,2.725408599,690.56,2.255961166,,
ARS 282,-2.864,4,28,2,0,2.439,809.48,2.644455868,699.83,2.286244935,,
ARS 287,-2.864,4,28,3,1,2.478,789.62,2.579576077,655.82,2.142470534,,
ARS 294,-2.864,1,20,1,1,2.787,904.33,2.954317309,779.6,2.546842164,,
ARS 300,-2.864,1,20,2,1,2.999,965.93,3.155555736,802.97,2.623188625,,
ARS 303,-2.864,1,20,3,0,2.715,894.56,2.922400111,793.07,2.590846736,,
ARS 306,-2.864,1,24,1,0,2.724,897.4,2.931677986,772.67,2.524202841,,
ARS 313,-2.864,1,24,2,1,2.495,841.75,2.749877362,719.12,2.349262618,,
ARS 322,-2.864,1,28,1,1,2.759,907.19,2.963660522,766.34,2.503523633,,
ARS 325,-2.864,1,28,1,0,2.551,835.39,2.729100148,740.63,2.419532724,,
ARS 326,-2.864,1,28,2,1,2.563,776.12,2.5354735,651.88,2.129599115,,
ARS 332,-2.864,1,28,3,1,2.417,833.08,2.721553707,706.1,2.306728132,,
ARS 335,-2.864,1,28,3,1,2.965,827.6,2.703651328,702.95,2.296437531,,
ARS 343,-2.864,9,20,2,0,2.779,922.88,3.014917517,798.54,2.608716446,,
ARS 351,-2.864,9,24,1,1,2.696,869.01,2.8389319,741.27,2.421623513,,
ARS 353,-2.864,9,24,1,0,2.697,893.55,2.919100584,785.56,2.566312635,,
ARS 356,-2.864,9,24,2,1,2.682,862.89,2.818938731,727.18,2.37559349,,
ARS 362,-2.864,9,24,3,0,2.319,756.94,2.472815171,641.02,2.094121042,,
ARS 364,-2.864,9,24,3,1,2.454,795.62,2.599177222,663.38,2.167167977,,
ARS 369,-2.864,9,28,1,0,2.537,846.29,2.764708896,732.75,2.393789887,,
ARS 371,-2.864,9,28,2,1,2.519,825.26,2.696006881,699.03,2.283631449,,
ARS 372,-2.864,9,28,2,0,2.443,811.01,2.64945416,710.07,2.319697557,,
ARS 373,-2.864,9,28,2,0,2.483,798.08,2.607213692,686.78,2.243612444,,
ARS 378,-2.864,9,28,3,0,2.321,768.31,2.509959342,662.66,2.164815839,,
ARS 379,-2.864,9,28,3,1,2.396,951.86,3.10959105,807.7,2.638640862,,
ARS 384,-2.864,6,20,1,1,2.725,854.76,2.792379179,743.7,2.429561977,,
ARS 390,-2.864,6,20,2,1,2.896,943.21,3.081332732,805.43,2.631225095,,
ARS 391,-2.864,6,20,3,0,2.725,910.23,2.973591769,814.16,2.659744762,,
ARS 393,-2.864,6,20,3,0,2.599,860.5,2.811130942,758.62,2.478303492,,
ARS 400,-2.864,6,24,1,1,2.681,864.56,2.824394383,713.65,2.331392907,,
ARS 404,-2.864,6,24,2,0,2.559,846.56,2.765590947,748.65,2.445732922,,
ARS 413,-2.864,6,28,1,1,2.566,778.09,2.541909209,639.57,2.089384098,,
ARS 416,-2.864,6,28,2,1,2.483,838.4,2.738933389,706.04,2.306532121,,
ARS 417,-2.864,6,28,2,0,2.523,837.32,2.735405183,722.72,2.361023305,,
ARS 421,-2.864,6,28,3,1,2.592,802.65,2.622143231,676.69,2.210649851,,
ARS 422,-2.864,6,28,3,1,2.576,826.05,2.698587698,681.84,2.227474168,,
ARS 434,-2.864,13,20,2,1,2.747,898.91,2.936610941,764.28,2.496793906,,
ARS 436,-2.864,13,20,3,1,2.76,903.73,2.952357195,,0,,
ARS 438,-2.864,13,20,3,0,2.63,869.88,2.841774066,773.95,2.528384419,,
ARS 449,-2.864,13,24,2,0,2.663,881.63,2.880159642,775.68,2.534036082,,
ARS 454,-2.864,13,24,3,0,2.638,883.95,2.887738752,781.75,2.553865908,,
ARS 456,-2.864,13,28,1,1,2.397,778.05,2.541778535,669.2,2.186181088,,
ARS 459,-2.864,13,28,1,0,2.614,764.25,2.4966959,667.86,2.181803499,,
ARS 462,-2.864,13,28,2,0,2.269,796.81,2.603064783,705,2.303134589,,
ARS 470,-2.864,13,28,3,0,2.4,855.08,2.793424574,712.94,2.329073438,,
ARS 516,-2.864,8,20,1,1,2.709,882.51,2.883034477,749.69,2.449130454,,
ARS 521,-2.864,8,20,2,1,2.744,883.74,2.887052712,750.03,2.450241186,,
ARS 523,-2.864,8,20,2,0,2.703,891.08,2.911031446,788.9,2.577223939,,
ARS 524,-2.864,8,20,2,0,2.653,876,2.861767234,765.28,2.500060764,,
ARS 525,-2.864,8,20,2,0,2.892,954.91,3.119554965,848.34,2.771405954,,
ARS 531,-2.864,8,24,1,0,2.64,875.91,2.861473217,762.74,2.491762945,,
ARS 533,-2.864,8,24,1,0,2.746,913.82,2.985319787,795.61,2.599144554,,
ARS 537,-2.864,8,24,2,0,2.593,864.97,2.825733795,762.17,2.489900836,,
ARS 545,-2.864,8,24,3,0,2.708,901.12,2.943830696,803.27,2.624168683,,
ARS 556,-2.864,8,28,3,0,2.459,820.1,2.679149896,734.54,2.399637562,,
ARS 559,-2.864,8,28,3,0,2.57,856.25,2.797246797,769.76,2.514696285,,
ARS 560,-2.864,8,28,3,0,2.346,780.27,2.549030959,675.06,2.205324873,,
RMO 056,-9.223,26,20,3,1,2.732,884.18,2.888490129,750.52,2.451841946,,
RMO 059,-9.223,26,20,3,0,2.965,984.23,3.215339229,869.6,2.840859346,,
RMO 062,-9.223,26,24,1,0,2.656,876.02,2.861832571,778.62,2.543640644,,
RMO 063,-9.223,26,24,1,0,3.011,994.36,3.248432496,869.44,2.840336648,,
RMO 071,-9.223,26,24,3,1,2.683,860.38,2.810738919,726.01,2.371771267,,
RMO 080,-9.223,26,28,1,1,2.486,803.87,2.626128797,667.51,2.180660099,,
RMO 084,-9.223,26,28,2,0,2.751,893.45,2.918773899,746.3,2.438055807,,
RMO 085,-9.223,26,28,2,1,2.612,845.67,2.762683444,709.27,2.317084071,,
RMO 093,-9.223,33,20,1,1,2.834,919.99,3.005476299,781.42,2.552787845,,
RMO 098,-9.223,33,20,2,0,2.781,923.06,3.015505551,798.66,2.609108469,,
RMO 099,-9.223,33,20,2,0,2.85,953.52,3.115014033,849.1,2.773888765,,
RMO 101,-9.223,33,20,3,1,2.709,877.74,2.867451566,725.38,2.369713146,,
RMO 106,-9.223,33,24,1,1,2.708,883.7,2.886922037,755.79,2.469058285,,
RMO 114,-9.223,33,24,2,1,2.795,917.71,2.998027863,777.86,2.541157832,,
RMO 118,-9.223,33,24,3,0,2.496,828.9,2.707898242,735.26,2.401989699,,
RMO 122,-9.223,33,28,1,0,2.376,786.22,2.568468761,692.95,2.263768955,,
RMO 148,-9.223,39,20,3,0,2.624,873.5,2.85360009,783.33,2.559027543,,
RMO 171,-9.223,39,28,2,0,2.548,842.66,2.752850203,729.16,2.382061868,,
RMO 178,-9.223,39,28,3,0,2.392,802.53,2.621751208,703.04,2.296731548,,
RMO 181,-9.223,41,20,1,0,2.881,970.96,3.171988029,863.74,2.82171556,,
RMO 187,-9.223,41,20,2,0,2.896,964.49,3.150851461,827.23,2.70244259,,
RMO 192,-9.223,41,20,3,1,2.703,884.92,2.890907604,724.49,2.366805643,,
RMO 194,-9.223,41,20,3,1,2.62,851.62,2.782121246,708.26,2.313784545,,
RMO 197,-9.223,41,24,1,1,2.566605836,837.72,2.736711926,717.76,2.344819692,,
RMO 198,-9.223,41,24,1,1,2.773966318,905.72,2.958858241,762.26,2.490194854,,
RMO 199,-9.223,41,24,1,1,2.734925705,895.22,2.924556237,759.8,2.482158384,,
RMO 205,-9.223,41,24,2,0,2.623553374,870.19,2.842786792,757.62,2.475036635,,
RMO 211,-9.223,41,28,1,1,2.701253257,888.07,2.901198205,758.66,2.478434166,,
RMO 216,-9.223,41,28,2,1,2.46947039,803.51,2.624952729,675.77,2.207644342,,
RMO 217,-9.223,41,28,2,0,2.557645856,855,2.793163225,747.22,2.441061316,,
RMO 219,-9.223,41,28,2,1,2.747174379,898.76,2.936120912,771.64,2.520837978,,
RMO 221,-9.223,41,28,3,1,2.512826396,833.51,2.722958456,698,2.280266586,,
RMO 226,-9.223,6,20,1,1,2.969844075,960.07,3.13641195,798.73,2.609337149,,
RMO 227,-9.223,6,20,1,0,2.823860601,935.8,3.057125317,836.76,2.733575743,,
RMO 231,-9.223,6,20,2,0,2.775397177,913.62,2.984666416,802.92,2.623025283,,
RMO 233,-9.223,6,20,2,1,2.800080311,911.49,2.977708009,752.43,2.458081644,,
RMO 241,-9.223,6,24,1,0,2.721223355,896.9,2.930044557,781.84,2.554159925,,
RMO 247,-9.223,6,24,2,0,2.684588149,898.75,2.936088244,789.66,2.579706751,,
RMO 258,-9.223,6,28,1,0,2.61634041,872.13,2.849124495,770.59,2.517407777,,
RMO 266,-9.223,6,28,3,0,2.454920607,816.52,2.667454546,717.52,2.344035646,,
RMO 273,-9.223,18,20,1,1,2.955,963.06,3.146179854,815.37,2.663697659,,
RMO 284,-9.223,18,20,3,0,2.83,937.41,3.062384958,828.05,2.705121413,,
RMO 286,-9.223,18,24,1,1,2.753,887.58,2.899597445,743.96,2.43041136,,
RMO 288,-9.223,18,24,1,0,2.74,905.79,2.959086921,772.48,2.523582138,,
RMO 308,-9.223,18,28,2,0,2.528,816.46,2.667258534,675.06,2.205324873,,
RMO 311,-9.223,18,28,3,1,2.504,820.08,2.679084559,686.85,2.243841124,,
RMO 312,-9.223,18,28,3,1,2.497,821.93,2.685128245,694.11,2.26755851,,
RMO 316,-9.223,24,20,1,1,2.755,897.83,2.933082735,753.72,2.46229589,,
RMO 322,-9.223,24,20,2,0,2.916,969.73,3.167969794,864.71,2.824884412,,
RMO 324,-9.223,24,20,2,0,2.972,997.74,3.259474475,885.19,2.891789655,,
RMO 327,-9.223,24,20,3,1,2.871,937.74,3.063463021,774.42,2.529919842,,
RMO 328,-9.223,24,20,3,0,2.866,950.76,3.105997506,849.62,2.775587531,,
RMO 331,-9.223,24,24,1,1,2.75,898.11,2.933997455,761.34,2.487189345,,
RMO 333,-9.223,24,24,1,1,2.747,900.68,2.942393279,758.78,2.478826189,,
RMO 335,-9.223,24,24,1,1,3.038,994.39,3.248530502,845.35,2.761638049,,
RMO 336,-9.223,24,24,2,0,2.561,859.84,2.808974816,754.02,2.463275947,,
RMO 338,-9.223,24,24,2,1,2.686,887.68,2.89992413,754.58,2.465105388,,
RMO 341,-9.223,24,24,3,1,2.781,911.9,2.979047421,774.01,2.52858043,,
RMO 344,-9.223,24,24,3,0,2.632,872.88,2.851574638,775.37,2.533023356,,
RMO 345,-9.223,24,24,3,1,2.871,944.57,3.085775658,804.47,2.628088912,,
RMO 348,-9.223,24,28,1,0,2.473,829.89,2.711132431,721.04,2.355534985,,
RMO 364,-9.223,27,20,1,1,2.818,920.35,3.006652367,784.7,2.563503138,,
RMO 368,-9.223,27,20,2,1,2.72,892.22,2.914755664,748.62,2.445634916,,
RMO 369,-9.223,27,20,2,0,2.627,878.09,2.868594966,772.79,2.524594864,,
RMO 391,-9.223,27,28,1,0,2.531,838.08,2.737887995,724.29,2.366152272,,
RMO 396,-9.223,27,28,2,0,2.389,794.66,2.596041039,694.21,2.267885196,,
RMO 403,-9.223,27,28,3,1,2.591,846.87,2.766603673,719.72,2.351222733,,
RMO 404,-9.223,27,28,3,1,2.348,771.02,2.518812526,652.52,2.131689904,,
RMO 411,-9.223,28,20,2,1,2.687,880.06,2.875030676,726.39,2.373012673,,
RMO 413,-9.223,28,20,2,1,2.734,892.63,2.916095075,731.2,2.388726257,,
RMO 414,-9.223,28,20,2,1,2.825,914.72,2.988259959,745.77,2.436324372,,
RMO 417,-9.223,28,20,3,0,2.667,891.61,2.912762881,769.38,2.51345488,,
RMO 423,-9.223,28,24,1,1,2.426,787.05,2.571180253,656,2.143058568,,
RMO 432,-9.223,28,24,3,0,2.409,800.34,2.61459679,698.23,2.281017963,,
RMO 442,-9.223,28,28,2,1,2.595,839.73,2.74327831,689.63,2.252922988,,
RMO 449,-9.223,28,28,3,0,2.546,850.24,2.777612983,729.77,2.384054651,,
RMO 458,-9.223,30,20,2,1,2.85,934.19,3.051865676,781.38,2.55265717,,
RMO 459,-9.223,30,20,2,0,2.608,870.93,2.845204266,779.38,2.546123455,,
RMO 472,-9.223,30,24,2,1,2.615,857.11,2.800056294,714.16,2.333059004,,
RMO 475,-9.223,30,24,2,1,2.705,882.22,2.882087088,761.76,2.488561425,,
RMO 476,-9.223,30,24,3,1,2.615,867,2.832365516,726.18,2.372326632,,
RMO 491,-9.223,30,28,3,1,2.591,851.81,2.782741949,731.15,2.388562915,,
RMO 499,-9.223,36,20,1,0,2.9,964.66,3.151406826,843.86,2.756770432,,
RMO 501,-9.223,36,20,2,1,2.607,857.29,2.800644329,710.01,2.319501545,,
RMO 503,-9.223,36,20,2,0,2.576,859.99,2.809464844,745.23,2.434560269,,
RMO 504,-9.223,36,20,2,1,2.565,846.17,2.764316873,709.89,2.319109523,,
RMO 505,-9.223,36,20,2,0,2.682,893.68,2.919525276,766.48,2.503980993,,
RMO 507,-9.223,36,20,3,0,2.739,907.4,2.964346562,782.15,2.555172651,,
RMO 513,-9.223,36,24,1,0,2.59,865.5,2.82746523,750.79,2.452723997,,
RMO 518,-9.223,36,24,2,1,2.444,805.07,2.630049026,672.89,2.198235792,,
RMO 520,-9.223,36,24,2,0,2.664,889.3,2.90521644,771.23,2.519498566,,
RMO 521,-9.223,36,24,3,1,2.562,832.54,2.719789604,710.68,2.32169034,,
RMO 536,-9.223,36,28,3,1,2.627,865.14,2.826289161,743.76,2.429757989,,
RMO 537,-9.223,36,28,3,0,2.496,838.93,2.740664824,747.16,2.440865304,,
RMO 538,-9.223,36,28,3,0,2.423,819.58,2.67745113,727.46,2.37650821,,
RMO 539,-9.223,36,28,3,1,2.772,899.9,2.93984513,755.08,2.466738816,,
RMO 541,-9.223,42,20,1,1,2.813,912.45,2.980844193,770.49,2.517081092,,
RMO 542,-9.223,42,20,1,0,2.657,860.89,2.812405016,708.33,2.314013225,,
RMO 543,-9.223,42,20,1,0,2.594,869.1,2.839225917,765.31,2.500158769,,
RMO 546,-9.223,42,20,2,1,2.941,962.13,3.143141677,794.75,2.596335056,,
RMO 554,-9.223,42,20,3,0,2.801,935.35,3.055655231,816.97,2.668924632,,
RMO 557,-9.223,42,24,1,0,2.602,865.3,2.826811858,759.15,2.480034927,,
RMO 561,-9.223,42,24,2,0,2.717,901.34,2.944549405,798.21,2.607638383,,
RMO 562,-9.223,42,24,2,1,2.621,857.31,2.800709666,709.9,2.319142191,,
RMO 571,-9.223,42,28,1,0,2.521,845.93,2.763532827,741.97,2.423910314,,
RMO 573,-9.223,42,28,1,0,2.556,859.06,2.806426667,759.01,2.479577567,,
RMO 596,-9.223,13,20,3,1,2.79,892.53,2.91576839,734.91,2.400846299,,
RMO 598,-9.223,13,20,3,0,2.625,869.72,2.841251368,749.41,2.448215734,,
RMO 602,-9.223,13,24,1,0,2.593,860.41,2.810836924,759.82,2.482223721,,
RMO 603,-9.223,13,24,1,0,2.532,841.67,2.749616014,732.32,2.392385138,,
RMO 605,-9.223,13,24,1,0,2.64,877.04,2.865164766,760.96,2.485947939,,
RMO 611,-9.223,13,24,3,0,2.407,805.37,2.631029084,708.37,2.314143899,,
RMO 625,-9.223,13,28,2,1,2.811,910.2,2.973493763,750.79,2.452723997,,
RMO 629,-9.223,13,28,3,0,2.551,852.6,2.785322767,728.67,2.380461108,,
RMO 639,-9.223,17,20,2,1,2.892,938.48,3.065880495,794.29,2.594832302,,
RMO 641,-9.223,17,20,3,0,2.938,966.73,3.158169222,854.72,2.792248505,,
RMO 646,-9.223,17,24,1,1,2.714,883.23,2.885386614,745.22,2.434527601,,
RMO 653,-9.223,17,24,2,1,2.664,876.93,2.864805412,734.26,2.398722842,,
RMO 656,-9.223,17,24,3,1,2.618,856.52,2.798128849,710.34,2.320579608,,
RMO 657,-9.223,17,24,3,1,2.407,787.83,2.573728402,662.51,2.164325811,,
RMO 659,-9.223,17,24,3,0,2.674,893.05,2.917467156,768.78,2.511494765,,
RMO 663,-9.223,17,28,1,0,2.549,847.99,2.770262553,728.1,2.378598999,,
RMO 671,-9.223,17,28,3,1,2.443,795.91,2.600124611,666.24,2.17651119,,
RMO 674,-9.223,17,28,3,0,2.45,824.11,2.692249995,720.86,2.35494695,,
RMO 682,-9.223,5,20,2,0,2.731,915.88,2.992049514,805.25,2.630637061,,
RMO 691,-9.223,5,24,1,0,2.615,880.82,2.877513488,770.46,2.516983086,,
RMO 694,-9.223,5,24,1,0,2.425,821.93,2.685128245,721.25,2.356221025,,
RMO 696,-9.223,5,24,2,0,2.655,874.51,2.856899616,764.12,2.496271209,,
RMO 700,-9.223,5,24,2,1,2.794,918.83,3.001686744,763.53,2.494343763,,
RMO 701,-9.223,5,24,3,0,2.524,846.26,2.76461089,736.25,2.405223888,,
RMO 702,-9.223,5,24,3,0,2.56,859.65,2.808354113,757.97,2.476180035,,
RMO 707,-9.223,5,28,1,1,2.548,847.24,2.76781241,722.9,2.36161134,,
RMO 708,-9.223,5,28,1,1,2.516,826.03,2.698522361,690.4,2.255438468,,
RMO 709,-9.223,5,28,1,1,2.707,891.9,2.913710269,745.99,2.437043081,,
RMO 712,-9.223,5,28,2,1,2.41,800.1,2.613812744,663.26,2.166775954,,
RMO 716,-9.223,5,28,3,0,2.256,760.39,2.48408583,669.76,2.188010528,,
RPV 095,-8.742,11,20,1,1,2.892,937.5,3.062678975,776.09,2.535375494,,
RPV 103,-8.742,11,20,2,0,2.865,958.22,3.130368264,844.21,2.757913832,,
RPV 116,-8.742,11,24,2,1,2.612,853.06,2.786825521,711.2,2.323389106,,
RPV 119,-8.742,11,24,2,0,2.522,840.77,2.746675842,742.78,2.426556468,,
RPV 123,-8.742,11,24,3,0,2.73,905.84,2.959250264,794.68,2.596106376,,
RPV 125,-8.742,11,28,1,1,2.328,761.55,2.487875385,641.11,2.094415059,,
RPV 142,-8.742,23,20,1,1,2.703,880.18,2.875422699,737.43,2.40907878,,
RPV 147,-8.742,23,20,2,1,3.038,981.77,3.20730276,820.76,2.681306022,,
RPV 156,-8.742,23,24,1,1,2.611,855.07,2.793391905,706.51,2.308067544,,
RPV 159,-8.742,23,24,1,1,2.816,910.07,2.973069072,755.57,2.468339577,,
RPV 167,-8.742,23,24,3,1,2.736,893.76,2.919786625,755.62,2.468502919,,
RPV 174,-8.742,23,28,1,1,2.524,818.7,2.674576295,680.72,2.223815287,,
RPV 176,-8.742,23,28,2,1,2.528,818.32,2.673334889,676.69,2.210649851,,
RPV 177,-8.742,23,28,2,0,2.237,743.84,2.430019337,649.75,2.122640708,,
RPV 181,-8.742,23,28,3,1,2.602,847,2.767028364,711.04,2.322866409,,
RPV 185,-8.742,25,20,1,0,2.752,913.72,2.984993102,789.1,2.577877311,,
RPV 191,-8.742,25,20,2,0,2.778,917.72,2.998060532,799.27,2.611101252,,
RPV 195,-8.742,25,20,3,0,2.765,917.99,2.998942584,799.67,2.612407995,,
RPV 220,-8.742,25,28,2,0,2.373,788.07,2.574512448,662.13,2.163084405,,
RPV 243,-8.742,38,20,3,1,2.81,918.43,3.000380001,757.42,2.474383263,,
RPV 244,-8.742,38,20,3,1,3.053,993.39,3.245263645,843.7,2.756247734,,
RPV 246,-8.742,38,24,1,1,2.59,846.13,2.764186198,716.72,2.34142216,,
RPV 252,-8.742,38,24,2,1,2.789,914.68,2.988129285,765.83,2.501857535,,
RPV 254,-8.742,38,24,2,0,2.577,868.08,2.835893722,758.66,2.478434166,,
RPV 258,-8.742,38,24,3,0,2.668,891.08,2.911031446,782.56,2.556512062,,
RPV 259,-8.742,38,24,3,0,2.622,878.92,2.871306458,771.99,2.521981378,,
RPV 263,-8.742,38,28,1,1,2.587,844.74,2.759645266,714.15,2.333026336,,
RPV 273,-8.742,38,28,3,0,2.174,728.23,2.37902369,639.79,2.090102807,,
RPV 280,-8.742,12,20,2,0,2.643,878.92,2.871306458,770.24,2.516264377,,
RPV 281,-8.742,12,20,2,0,2.604,859.3,2.807210713,749.47,2.448411745,,
RPV 290,-8.742,12,24,1,0,2.73,905.17,2.957061469,797.1,2.604012172,,
RPV 297,-8.742,12,24,2,0,2.609,867.55,2.834162288,753.66,2.462099879,,
RPV 300,-8.742,12,24,3,0,2.577,851.84,2.782839955,747.29,2.441289996,,
RPV 310,-8.742,12,28,2,0,2.439,808.27,2.640502971,711.87,2.325577901,,
RPV 312,-8.742,12,28,2,0,2.594,860.03,2.809595519,758.15,2.476768069,,
RPV 315,-8.742,12,28,3,0,2.594,862.57,2.817893337,759.3,2.480524955,,
RPV 329,-8.742,17,20,2,1,2.997,973.14,3.179109779,810.87,2.6489968,,
RPV 330,-8.742,17,20,3,1,2.9,938.79,3.066893221,774.88,2.531422596,,
RPV 337,-8.742,17,24,1,1,2.426,794.96,2.597021096,658.55,2.151389055,,
RPV 339,-8.742,17,24,1,1,2.721,891.3,2.911750155,750.63,2.4522013,,
RPV 344,-8.742,17,24,2,1,3.034,986.38,3.222362973,829.86,2.711034426,,
RPV 346,-8.742,17,24,3,1,2.503,813.75,2.65840535,683.57,2.233125831,,
RPV 350,-8.742,17,28,1,1,2.603,850.87,2.779671103,710.14,2.319926237,,
RPV 366,-8.742,18,20,1,0,2.799,926.3,3.02609017,823.77,2.691139263,,
RPV 371,-8.742,18,20,2,1,2.862,927.83,3.031088462,776.77,2.537596957,,
RPV 372,-8.742,18,20,2,0,2.851,943.66,3.082802817,826.14,2.698881715,,
RPV 374,-8.742,18,20,2,0,2.887,963.04,3.146114517,859.94,2.809301501,,
RPV 375,-8.742,18,20,3,1,2.963,951.33,3.107859615,787.44,2.572454327,,
RPV 391,-8.742,18,24,3,1,2.749,895.74,2.926255003,770.63,2.517538452,,
RPV 395,-8.742,18,28,1,0,2.506,830.74,2.71390926,723.4,2.363244768,,
RPV 399,-8.742,18,28,1,0,2.601,861.05,2.812927713,758.43,2.477682789,,
RPV 405,-8.742,18,28,3,1,2.388,764.95,2.498982701,636.31,2.078734142,,
RPV 407,-8.742,18,28,3,1,2.449,866.91,2.832071499,731.7,2.390359686,,
RPV 418,-8.742,19,20,2,1,2.939,957.94,3.129453544,814.74,2.661639539,,
RPV 422,-8.742,20,20,3,1,3.008,870.91,2.845138929,716.99,2.342304211,,
RPV 425,-8.742,19,24,1,1,2.742,876.4,2.863073977,743.45,2.428745263,,
RPV 432,-8.742,19,24,2,0,2.549,858.27,2.803845849,740.15,2.417964633,,
RPV 434,-8.742,19,24,2,0,2.775,920.45,3.006979053,816.52,2.667454546,,
RPV 435,-8.742,19,24,3,0,2.589,844.99,2.760461981,749.44,2.44831374,,
RPV 439,-8.742,19,24,3,1,2.641,860.06,2.809693524,728.12,2.378664336,,
RPV 440,-8.742,19,28,1,0,2.574,842.23,2.751445454,737.26,2.408523414,,
RPV 441,-8.742,19,28,1,0,2.421,802.39,2.621293848,720.87,2.354979619,,
RPV 445,-8.742,19,28,2,0,2.334,775.33,2.532892682,691.91,2.260371423,,
RPV 455,-8.742,20,20,1,1,2.702,813.11,2.656314561,717.68,2.344558343,,
RPV 461,-8.742,20,20,2,0,2.463,811.78,2.651969641,710.23,2.320220254,,
RPV 462,-8.742,20,20,2,0,2.485,825.59,2.697084944,727.03,2.375103461,,
RPV 463,-8.742,20,20,2,1,2.598,835.4,2.729132817,694.53,2.26893059,,
RPV 470,-8.742,20,24,1,0,2.608,862.72,2.818383365,750.84,2.45288734,,
RPV 472,-8.742,20,24,1,1,2.505,815.06,2.662684934,682.59,2.229924311,,
RPV 474,-8.742,20,24,1,0,2.601,866.45,2.830568744,763.52,2.494311094,,
RPV 475,-8.742,20,24,2,0,2.602,852.1,2.783689338,738.56,2.412770329,,
RPV 479,-8.742,20,24,2,0,2.651,875.05,2.858663719,769.39,2.513487548,,
RPV 480,-8.742,20,24,3,0,2.713,901,2.943438673,775.65,2.533938077,,
RPV 483,-8.742,20,24,3,0,2.717,892.37,2.915245693,777.47,2.539883757,,
RPV 487,-8.742,20,28,1,1,2.756,891.7,2.913056898,735.72,2.403492454,,
RPV 495,-8.742,20,28,3,0,2.197,722.41,2.360010579,626.99,2.04828703,,
RPV 497,-8.742,20,28,3,0,2.369,779.8,2.547495536,664.95,2.172296943,,
RPV 499,-8.742,20,28,3,1,2.551,828.14,2.705415431,706.08,2.306662795,,
RPV 502,-8.742,28,20,1,0,2.922,960.29,3.137130659,852.84,2.786106813,,
RPV 503,-8.742,28,20,1,0,2.671,891.17,2.911325463,789.52,2.579249391,,
RPV 520,-8.742,28,24,2,0,2.537,843.35,2.755104334,742.54,2.425772422,,
RPV 540,-8.742,28,28,3,1,2.308,811.76,2.651904304,688.28,2.24851273,,
RPV 542,-8.742,28,28,3,1,2.481,831.58,2.716653421,681.31,2.225742733,,
RPV 543,-8.742,28,28,3,0,2.561,792.07,2.587579878,692.87,2.263507607,,
RPV 545,-8.742,37,20,1,0,2.379,898,2.933638101,772.85,2.524790875,,
RPV 549,-8.742,37,20,1,0,2.808,972.79,3.177966379,838.66,2.739782772,,
RPV 550,-8.742,37,20,2,1,2.946,911.93,2.979145427,767.02,2.505745096,,
RPV 551,-8.742,37,20,2,1,2.838,891.37,2.911978835,739.9,2.417147918,,
RPV 556,-8.742,37,20,3,1,2.883,933.8,3.050591602,772.03,2.522112052,,
RPV 562,-8.742,37,24,1,1,2.596,885.9,2.894109124,732.48,2.392907835,,
RPV 566,-8.742,37,24,2,0,2.483,848.53,2.772026657,747.67,2.442531402,,
RPV 570,-8.742,37,24,3,1,2.59,805.04,2.629951021,667.36,2.18017007,,
RPV 574,-8.742,37,24,3,0,2.629,927.81,3.031023125,805.73,2.632205152,,
RPV 578,-8.742,37,28,1,0,2.405,807.38,2.637595467,692.74,2.263082915,,
RPV 580,-8.742,37,28,2,1,2.631,746.92,2.440081259,623.84,2.037996428,,
RPV 582,-8.742,37,28,2,0,2.307,836.31,2.732105657,726.23,2.372489975,,
RPV 591,-8.742,43,20,1,0,2.802,923.63,3.01736766,796.43,2.601823377,,
RPV 594,-8.742,43,20,1,1,3.068,1001.68,3.272345894,839.1,2.74122019,,
RPV 602,-8.742,43,20,3,0,3.029,1006.46,3.287961473,896.21,2.927790426,,
RPV 603,-8.742,43,20,3,1,2.923,953.52,3.115014033,800.1,2.613812744,,
RPV 604,-8.742,43,20,3,1,3.05,989.08,3.231183488,830.01,2.711524454,,
RPV 613,-8.742,43,24,2,1,2.656,865.23,2.826583178,721.59,2.357331756,,
RPV 614,-8.742,43,24,2,1,2.935,957.89,3.129290201,801.41,2.618092328,,
RPV 621,-8.742,43,28,1,1,2.545,839.5,2.742526933,707.86,2.312477802,,
RPV 635,-8.742,33,20,1,0,2.674,886.2,2.895089181,774.83,2.531259253,,
RPV 649,-8.742,33,20,3,0,2.802,922.5,3.013676111,808.4,2.640927662,,
RPV 652,-8.742,33,24,1,1,2.484,795.59,2.599079217,656.55,2.14485534,,
RPV 653,-8.742,33,24,1,1,2.665,869.63,2.840957351,733.92,2.39761211,,
RPV 658,-8.742,33,24,2,1,2.84,934.55,3.053041745,778.39,2.542889266,,
RPV 662,-8.742,33,24,3,0,2.557,843.12,2.754352957,737.27,2.408556083,,
RPV 664,-8.742,33,24,3,0,2.474,824.63,2.693948761,719,2.348870595,,
RPV 665,-8.742,33,28,1,1,2.455,796.78,2.602966777,672.71,2.197647758,,
RPV 669,-8.742,33,28,1,0,2.271,759.3,2.480524955,671.67,2.194250226,,
RPV 670,-8.742,33,28,2,1,2.462,802.2,2.620673145,674.72,2.204214142,,
RPV 677,-8.742,33,28,3,1,2.42,796.48,2.60198672,653.24,2.134042041,,
RPV 688,-8.742,42,20,2,0,2.717,913.74,2.985058439,823.86,2.69143328,,
RPV 690,-8.742,42,20,3,1,2.586,840.3,2.745140419,708.01,2.31296783,,
RPV 691,-8.742,42,20,3,1,2.68,877.06,2.865230103,765.29,2.500093432,,
RPV 693,-8.742,42,20,3,0,2.767,947.95,3.096817636,835.38,2.729067479,,
RPV 706,-8.742,42,24,3,0,2.538,848.81,2.772941377,757.26,2.473860566,,
RPV 709,-8.742,42,24,3,0,2.485,836.28,2.732007651,745.97,2.436977744,,
RPV 711,-8.742,42,28,1,0,2.305,768.89,2.511854119,683.13,2.231688414,,
RPV 714,-8.742,42,28,1,1,2.568,838.36,2.738802715,719.06,2.349066607,,
RPV 717,-8.742,42,28,2,0,2.459,822.64,2.687447714,713.52,2.330968216,,
RPV 722,-8.742,42,28,3,0,2.343,796.35,2.601562028,731.81,2.390719041,,
RPV 726,-8.742,15,20,1,1,2.838,924.83,3.021287889,772.2,2.522667418,,
RPV 728,-8.742,15,20,1,0,2.977,989.11,3.231281494,869.97,2.842068083,,
RPV 729,-8.742,15,20,1,1,3.122,1008.79,3.295573251,824.1,2.692217326,,
RPV 755,-8.742,15,28,1,0,2.436,806.47,2.634622627,702,2.293334016,,
RPV 766,-8.742,15,28,3,1,2.479,807.94,2.639424908,665.39,2.173734361,,
SJU 014,-22.611,6,20,1,0,3.051,1007.07,3.289954256,881.72,2.880453659,,
SJU 022,-22.611,6,20,2,0,2.853,946.69,3.092701396,823.55,2.690420554,,
SJU 026,-22.611,6,20,3,1,2.982,966.09,3.156078433,808.61,2.641613702,,
SJU 034,-22.611,6,24,2,0,2.53,831.94,2.717829489,736.5,2.406040603,,
SJU 037,-22.611,6,24,2,1,2.815,906.87,2.962615127,761.41,2.487418025,,
SJU 040,-22.611,6,24,3,0,2.748,907.21,2.963725859,797.54,2.605449589,,
SJU 050,-22.611,6,28,2,1,2.633,851.5,2.781729224,700.37,2.288009038,,
SJU 051,-22.611,6,28,2,1,2.702,857.15,2.800186969,718.23,2.346355115,,
SJU 055,-22.611,6,28,3,1,2.586,841.41,2.748766631,733.48,2.396174693,,
SJU 060,-22.611,4,20,1,0,3.114,1042.33,3.405143654,918.28,2.999889972,,
SJU 062,-22.611,4,20,1,0,3.025,1012.76,3.308542676,896.86,2.929913883,,
SJU 068,-22.611,4,20,2,1,2.838,932.29,3.045658647,788.32,2.575329162,,
SJU 075,-22.611,4,24,1,0,2.695,894.46,2.922073425,793.02,2.590683393,,
SJU 080,-22.611,4,24,2,0,2.651,860.14,2.809954873,750.31,2.451155906,,
SJU 081,-22.611,4,24,2,1,2.696,879.02,2.871633144,754.04,2.463341284,,
SJU 086,-22.611,4,24,3,1,2.723,903.63,2.952030509,808.72,2.641973057,,
SJU 104,-22.611,1,20,1,0,2.84,933.41,3.049317527,822.03,2.685454931,,
SJU 105,-22.611,1,20,1,1,2.613,877.96,2.868170275,786.48,2.569318144,,
SJU 111,-22.611,1,20,2,0,2.918,961.55,3.141246899,858.48,2.804531889,,
SJU 119,-22.611,1,24,1,1,2.742,885.15,2.891658981,752.17,2.457232261,,
SJU 120,-22.611,1,24,1,0,2.734,905.36,2.957682172,800.17,2.614041424,,
SJU 123,-22.611,1,24,1,0,2.776,921.05,3.008939168,804.3,2.627533546,,
SJU 124,-22.611,1,24,2,0,2.617,866.28,2.830013378,769.35,2.513356874,,
SJU 127,-22.611,1,24,2,1,2.665,882.39,2.882642454,736.26,2.405256557,,
SJU 129,-22.611,1,24,3,1,2.591,844.33,2.758305855,714.34,2.333647039,,
SJU 130,-22.611,1,24,3,1,2.767,901.02,2.943504011,766.68,2.504634364,,
SJU 131,-22.611,1,24,3,0,2.723,898.18,2.934226135,775.33,2.532892682,,
SJU 135,-22.611,1,28,1,0,2.629,863.31,2.820310811,751.3,2.454390095,,
SJU 136,-22.611,1,28,1,0,2.628,873.2,2.852620033,790.68,2.583038946,,
SJU 137,-22.611,1,28,1,1,2.792,906.59,2.961700407,775.24,2.532598665,,
SJU 139,-22.611,1,28,2,1,2.659,858.64,2.805054587,724.38,2.366446289,,
SJU 150,-22.611,2,20,1,0,3.052,999.81,3.26623687,878.9,2.871241121,,
SJU 152,-22.611,2,20,1,0,3.222,1060.74,3.465286502,947.01,3.09374679,,
SJU 154,-22.611,2,20,2,1,3.025,973.4,3.179959162,789.85,2.580327454,,
SJU 170,-22.611,2,24,2,1,2.852,924.63,3.020634518,780.6,2.550109022,,
SJU 184,-22.611,2,28,2,0,2.75,902.95,2.949809046,801.99,2.619987105,,
SJU 185,-22.611,2,28,2,0,2.704,893.9,2.920243985,794.73,2.596269719,,
SJU 189,-22.611,2,28,3,1,2.548,829.02,2.708290265,718.82,2.348282561,,
SJU 190,-22.611,2,28,3,1,2.534,829.01,2.708257597,680.34,2.222573881,,
SJU 196,-22.611,3,20,1,1,2.956,962.63,3.144775106,795.12,2.597543794,,
SJU 201,-22.611,3,20,2,1,2.996,976.86,3.191262489,822.85,2.688133754,,
SJU 204,-22.611,3,20,3,1,2.939,944.09,3.084207566,787.53,2.572748345,,
SJU 206,-22.611,3,20,3,0,2.905,965.61,3.154510341,870.07,2.842394769,,
SJU 207,-22.611,3,20,3,1,3.039,983.08,3.211582343,849.73,2.775946886,,
SJU 217,-22.611,3,24,2,0,2.806,934.86,3.054054471,825.4,2.696464241,,
SJU 218,-22.611,3,24,2,1,2.788,906.32,2.960818356,758.67,2.478466835,,
SJU 222,-22.611,3,24,3,0,2.702,893.46,2.918806567,776.98,2.538282997,,
SJU 223,-22.611,3,24,3,0,2.716,913.26,2.983490347,801.11,2.61711227,,
SJU 225,-22.611,3,28,1,0,2.713,877.19,2.865654795,728.83,2.380983805,,
SJU 227,-22.611,3,28,1,0,2.532,840.5,2.74579379,733.99,2.39784079,,
SJU 229,-22.611,3,28,2,1,2.92,952.69,3.112302541,805.88,2.632695181,,
SJU 235,-22.611,3,28,3,0,2.662,883.18,2.885223271,771.67,2.520935983,,
SJU 240,-22.611,5,20,1,1,2.781,886.2,2.895089181,720.88,2.355012287,,
SJU 245,-22.611,5,20,2,1,2.905,932.5,3.046344687,761.88,2.488953448,,
SJU 246,-22.611,5,20,2,1,2.814,913.5,2.984274393,764.13,2.496303877,,
SJU 250,-22.611,5,20,3,0,2.97,969.51,3.167251086,840.79,2.746741179,,
SJU 252,-22.611,5,20,3,0,2.933,963.72,3.14833598,851.51,2.781761892,,
SJU 254,-22.611,5,24,1,1,2.871,928.23,3.032395205,776.58,2.536976254,,
SJU 257,-22.611,5,24,1,1,2.966,962.05,3.142880328,803.41,2.624626043,,
SJU 265,-22.611,5,24,3,0,2.734,907.51,2.964705916,796.18,2.601006663,,
SJU 269,-22.611,5,28,1,0,2.601,862.16,2.816553925,741.39,2.422015536,,
SJU 270,-22.611,5,28,1,1,2.502,806.17,2.63364257,670.04,2.188925248,,
SJU 271,-22.611,5,28,1,0,2.657,878.89,2.871208452,761.98,2.489280134,,
SJU 279,-22.611,5,28,3,0,2.574,875.8,2.861113863,760.92,2.485817265,,
SJU 289,-22.611,7,20,2,0,3.192,1043.07,3.407561129,919.96,3.005378293,,
SJU 291,-22.611,7,20,2,0,3.232,1063.73,3.475054406,947.55,3.095510893,,
SJU 295,-22.611,7,24,1,0,2.811,927.87,3.031219136,817.18,2.669610672,,
SJU 296,-22.611,7,24,1,1,2.933,958.88,3.13252439,821.34,2.683200799,,
SJU 300,-22.611,7,24,2,1,2.752,884.15,2.888392123,740.02,2.417539941,,
SJU 303,-22.611,7,24,2,1,3.018,986.42,3.222493647,856.09,2.7967241,,
SJU 304,-22.611,7,28,1,1,2.608,844.4,2.758534535,727.46,2.37650821,,
SJU 305,-22.611,7,28,1,0,2.325,770.55,2.517277103,671.89,2.194968935,,
SJU 309,-22.611,7,28,2,0,2.499,828.42,2.706330151,743.84,2.430019337,,
SJU 310,-22.611,7,28,2,0,2.721,898.15,2.934128129,786.61,2.569742836,,
SJU 314,-22.611,7,28,3,0,2.685,885.25,2.891985667,789.8,2.580164111,,
SJU 315,-22.611,7,28,3,0,2.676,878.94,2.871371795,776.08,2.535342825,,
SJU 317,-22.611,7,28,3,1,2.903,942.04,3.077510508,795.93,2.600189948,,
SJU 319,-22.611,9,20,1,1,2.841,925.12,3.022235278,776.9,2.538021649,,
SJU 320,-22.611,9,20,1,1,2.876,926.18,3.025698147,780.2,2.548802279,,
SJU 321,-22.611,9,20,1,0,3.048,1002.21,3.274077328,899.39,2.938179033,,
SJU 325,-22.611,9,20,2,0,2.936,968.58,3.164212908,838.58,2.739521424,,
SJU 341,-22.611,9,24,2,1,2.895,940.14,3.071303479,806.76,2.635570016,,
SJU 364,-22.611,12,20,1,1,2.889,943.09,3.080940709,805.2,2.630473718,,
SJU 366,-22.611,12,20,1,1,3.216,1041,3.400798734,874.68,2.857454982,,
SJU 370,-22.611,12,20,2,1,3.05,982.17,3.208609503,833.87,2.724134524,,
SJU 372,-22.611,12,20,2,1,3.026,991.17,3.238011221,842.42,2.752066157,,
SJU 376,-22.611,12,20,3,0,3.133,1039.25,3.395081733,939.85,3.07035609,,
SJU 379,-22.611,12,24,1,0,2.668,884.24,2.88868614,784.5,2.562849766,,
SJU 381,-22.611,12,24,1,1,2.812,913.51,2.984307062,777.37,2.539557072,,
SJU 385,-22.611,12,24,2,0,2.669,879.5,2.873201236,781.06,2.551611776,,
SJU 389,-22.611,12,24,3,1,2.822,917.23,2.996459772,792.64,2.589441987,,
SJU 390,-22.611,12,24,3,0,2.681,886.95,2.897539324,801.76,2.619235728,,
SJU 392,-22.611,12,24,3,1,2.705,872.66,2.85085593,740.76,2.419957416,,
SJU 395,-22.611,12,28,1,1,2.631,848.58,2.772189999,727.78,2.377553605,,
SJU 397,-22.611,12,28,1,1,2.815,916.23,2.993192914,787.46,2.572519665,,
SJU 411,-22.611,10,20,1,1,2.865,935.38,3.055753237,783.99,2.561183669,,
SJU 412,-22.611,10,20,1,1,2.647,860.52,2.811196279,731.86,2.390882383,,
SJU 419,-22.611,10,20,3,1,3.017,972.35,3.176528961,822.37,2.686565662,,
SJU 422,-22.611,10,20,3,0,3.01,988.91,3.230628123,868.27,2.836514425,,
SJU 423,-22.611,10,20,3,0,3.11,1030.58,3.366758078,909.41,2.970912946,,
SJU 426,-22.611,10,24,1,0,3.04,1010.85,3.302302978,906.71,2.96209243,,
SJU 431,-22.611,10,24,2,0,2.895,956.8,3.125729326,858.02,2.803029135,,
SJU 434,-22.611,10,24,3,0,2.774,914.13,2.986332513,825.68,2.697378961,,
SJU 439,-22.611,10,28,1,0,2.699,893.53,2.919035247,798.59,2.608879789,,
SJU 440,-22.611,10,28,1,1,2.778,905.05,2.956669447,759.99,2.482779087,,
SJU 444,-22.611,10,28,2,1,2.631,850.74,2.779246412,734.17,2.398428824,,
SJU 461,-22.611,11,20,2,0,3.137,1041.98,3.404000254,928.43,3.033048577,,
SJU 465,-22.611,11,20,3,0,3.345,1103.65,3.605467361,981.03,3.204885285,,
SJU 472,-22.611,11,24,1,0,2.783,921.99,3.012010014,818.25,2.673106209,,
SJU 473,-22.611,11,24,1,1,2.805,912.92,2.982379616,789.65,2.579674083,,
SJU 481,-22.611,11,24,3,1,2.76,902.81,2.949351686,774.74,2.530965236,,
SJU 485,-22.611,11,28,1,1,2.53,819.26,2.676405735,701.01,2.290099827,,
TLC 104,-10.7,74,20,1,1,2.674,873.73,2.854351467,731.77,2.390588366,,
TLC 105,-10.7,74,20,1,0,2.786,911.63,2.978165369,815.81,2.665135077,,
TLC 114,-10.7,74,20,3,1,2.848,922.85,3.014819511,779.21,2.54556809,,
TLC 119,-10.7,74,24,1,1,2.665,862.84,2.818775388,718.09,2.345897755,,
TLC 120,-10.7,74,24,1,1,2.789,892.41,2.915376367,746.75,2.439525893,,
TLC 121,-10.7,74,24,1,1,2.82,912.35,2.980517507,764.3,2.496859243,,
TLC 125,-10.7,74,24,2,1,2.872,926.34,3.026220844,784.8,2.563829823,,
TLC 129,-10.7,74,24,3,1,2.694,862.54,2.817795331,736.21,2.405093214,,
TLC 130,-10.7,74,24,3,0,2.607,859.48,2.807798747,748.35,2.444752865,,
TLC 132,-10.7,74,24,3,0,2.725,902.92,2.94971104,800.22,2.614204767,,
TLC 136,-10.7,74,28,1,0,2.615,864.31,2.823577669,755.52,2.468176234,,
TLC 137,-10.7,74,28,1,0,2.593,840.78,2.74670851,734.42,2.399245539,,
TLC 139,-10.7,74,28,2,0,2.49,807.71,2.63867353,700.2,2.287453673,,
TLC 145,-10.7,74,28,3,0,2.515,832.35,2.719168901,714.26,2.33338569,,
TLC 146,-10.7,74,28,3,0,2.507,819.02,2.67562169,701.38,2.291308565,,
TLC 150,-10.7,75,20,1,0,2.726,901.66,2.945594799,787.72,2.573369047,,
TLC 151,-10.7,75,20,1,0,2.851,943.44,3.082084109,806.41,2.634426616,,
TLC 162,-10.7,75,20,3,0,2.746,917.35,2.996851795,810.88,2.649029469,,
TLC 163,-10.7,75,20,3,1,2.855,911.72,2.978459387,764.68,2.498100649,,
TLC 166,-10.7,75,24,1,0,2.75,924.71,3.020895866,810.45,2.64762472,,
TLC 176,-10.7,75,24,3,0,2.668,892.29,2.914984344,779.27,2.545764101,,
TLC 178,-10.7,75,24,3,0,2.798,925.6,3.02380337,808.7,2.641907719,,
TLC 184,-10.7,75,28,2,0,2.398,816.51,2.667421877,703.29,2.297548263,,
TLC 185,-10.7,75,28,2,1,2.49,786.08,2.568011401,661.28,2.160307576,,
TLC 189,-10.7,75,28,3,1,2.587,881.33,2.879179585,745.14,2.434266252,,
TLC 194,-10.7,76,20,1,1,2.487,928.39,3.032917902,783.52,2.559648246,,
TLC 198,-10.7,76,20,1,0,2.678,901.64,2.945529462,779.59,2.546809495,,
TLC 206,-10.7,76,20,3,1,2.768,906.47,2.961308384,766.02,2.502478238,,
TLC 207,-10.7,76,20,3,0,2.644,872.9,2.851639976,768.69,2.511200748,,
TLC 209,-10.7,76,24,1,1,2.779,902.84,2.949449691,753.53,2.461675187,,
TLC 210,-10.7,76,24,1,0,2.696,890.29,2.908450629,780.37,2.549357644,,
TLC 214,-10.7,76,24,2,1,2.676,861.51,2.814430468,715.44,2.337240582,,
TLC 215,-10.7,76,24,2,0,2.48,815.86,2.66529842,714.95,2.335639822,,
TLC 218,-10.7,76,24,2,0,2.62,876.43,2.863171983,774.3,2.529527819,,
TLC 219,-10.7,76,24,3,1,2.827,917.08,2.995969743,757.43,2.474415932,,
TLC 226,-10.7,76,28,1,0,2.689,876.88,2.864642069,762.64,2.49143626,,
TLC 229,-10.7,76,28,2,0,2.399,792.44,2.588788615,684.97,2.237699432,,
TLC 231,-10.7,76,28,2,0,2.464,821.55,2.683886839,723.79,2.364518843,,
TLC 234,-10.7,76,28,3,0,2.449,815.25,2.663305636,714.79,2.335117125,,
TLC 237,-10.7,76,28,3,0,2.507,825.6,2.697117612,733.52,2.396305367,,
TLC 239,-10.7,82,20,1,1,2.68,877.01,2.86506676,744.95,2.433645549,,
TLC 242,-10.7,82,20,1,1,2.924,945.64,3.089271195,791.87,2.586926506,,
TLC 244,-10.7,82,20,2,0,2.544,840.15,2.74465039,733.9,2.397546773,,
TLC 245,-10.7,82,20,2,1,2.594,848.55,2.772091994,714.68,2.33475777,,
TLC 248,-10.7,82,20,2,0,2.917,966.45,3.157254502,836.6,2.733053046,,
TLC 249,-10.7,82,20,3,0,2.572,850.52,2.778527703,734.66,2.400029585,,
TLC 253,-10.7,82,20,3,1,2.794,913.07,2.982869644,767.19,2.506300462,,
TLC 256,-10.7,82,24,1,0,2.599,864.43,2.823969692,763.68,2.494833791,,
TLC 257,-10.7,82,24,1,1,2.609,841.53,2.749158654,698.42,2.281638666,,
TLC 260,-10.7,82,24,2,1,2.536,828.25,2.705774785,687.48,2.245899244,,
TLC 262,-10.7,82,24,2,1,2.847,868.26,2.836481756,739.9,2.417147918,,
TLC 267,-10.7,82,24,3,0,2.617,863.45,2.820768172,759.78,2.482093047,,
TLC 271,-10.7,82,28,1,0,2.699,890.87,2.910345406,761.9,2.489018785,,
TLC 275,-10.7,82,28,2,1,2.305,751.09,2.453704055,628.19,2.052207259,,
TLC 276,-10.7,82,28,2,0,2.512,833.77,2.723807839,711.04,2.322866409,,
TLC 281,-10.7,82,28,3,1,2.475,807.42,2.637726142,673.57,2.200457256,,
TLC 283,-10.7,82,28,3,0,2.595,850.17,2.777384303,736.85,2.407184003,,
TLC 284,-10.7,79,20,1,1,3.104,1000.35,3.268000973,846.68,2.76598297,,
TLC 285,-10.7,79,20,1,0,2.767,908.24,2.967090722,798.05,2.607115686,,
TLC 286,-10.7,79,20,1,0,2.82,929.91,3.037883526,807.45,2.637824147,,
TLC 295,-10.7,79,20,3,1,2.868,948.16,3.097503677,837.94,2.737430635,,
TLC 296,-10.7,79,20,3,1,2.865,938.12,3.064704426,825.5,2.696790927,,
TLC 302,-10.7,79,24,1,0,2.729,898.17,2.934193466,784.52,2.562915103,,
TLC 304,-10.7,79,24,2,1,2.703,881.8,2.880715008,748.73,2.445994271,,
TLC 307,-10.7,79,24,2,0,2.698,883.67,2.886824032,770.98,2.518681852,,
TLC 311,-10.7,79,24,3,1,3.004,976.92,3.1914585,824.41,2.693230052,,
TLC 316,-10.7,79,28,1,1,2.651,860.57,2.811359622,725.65,2.370595198,,
TLC 324,-10.7,79,28,3,1,2.495,811.62,2.651446943,677.45,2.213132663,,
TLC 327,-10.7,79,28,3,1,2.583,842.89,2.75360158,713.86,2.332078947,,
TLC 332,-10.7,83,20,1,0,2.733,907.17,2.963595185,811.19,2.650042195,,
TLC 333,-10.7,83,20,1,1,2.884,925.76,3.024326067,779.33,2.545960112,,
TLC 334,-10.7,83,20,2,1,2.759,900.91,2.943144656,767.49,2.507280519,,
TLC 335,-10.7,83,20,2,0,2.713,907.73,2.965424625,806.29,2.634034593,,
TLC 338,-10.7,83,20,2,1,3.059,910.29,2.97378778,802.28,2.620934494,,
TLC 340,-10.7,83,20,3,0,2.742,991.6,3.239415969,847.87,2.769870531,,
TLC 341,-10.7,83,20,3,1,2.663,861.65,2.814887828,731.51,2.389738983,,
TLC 342,-10.7,83,20,3,0,2.933,974,3.181919276,864.47,2.824100366,,
TLC 346,-10.7,83,24,1,1,2.837,923.87,3.018151706,786.09,2.56804407,,
TLC 347,-10.7,83,24,1,0,2.744,910.07,2.973069072,818.46,2.673792249,,
TLC 348,-10.7,83,24,1,1,2.891,937.96,3.064181729,801.19,2.617373619,,
TLC 349,-10.7,83,24,2,0,2.678,891.02,2.910835435,802.57,2.621881882,,
TLC 352,-10.7,83,24,2,0,2.72,908.75,2.96875682,804.59,2.628480935,,
TLC 356,-10.7,83,24,3,1,2.683,874.21,2.855919559,749.72,2.44922846,,
TLC 359,-10.7,83,28,1,1,2.532,839.6,2.742853618,710.27,2.320350928,,
TLC 360,-10.7,83,28,1,1,2.375,773.56,2.527110344,660.03,2.156224004,,
TLC 379,-10.7,77,20,2,0,2.731,897.19,2.930991946,780.61,2.55014169,,
TLC 381,-10.7,77,20,2,1,2.705,871.73,2.847817752,729.92,2.38454468,,
TLC 382,-10.7,77,20,2,1,2.696,957.99,3.129616886,811.89,2.652328995,,
TLC 383,-10.7,77,20,2,1,3.032,964.82,3.151929524,809.4,2.64419452,,
TLC 384,-10.7,77,20,3,0,2.678,882.25,2.882185094,778.47,2.543150615,,
TLC 391,-10.7,77,24,1,0,2.609,872.26,2.849549187,761.68,2.488300076,,
TLC 393,-10.7,77,24,1,1,2.84,916.76,2.994924349,765.47,2.500681466,,
TLC 394,-10.7,77,24,2,0,2.578,850.58,2.778723715,751.41,2.454749449,,
TLC 396,-10.7,77,24,2,0,2.645,873.7,2.854253462,768.98,2.512148137,,
TLC 399,-10.7,77,24,3,1,2.891,943.97,3.083815543,803.2,2.623940003,,
TLC 404,-10.7,77,28,1,0,2.427,804.94,2.629624335,711.5,2.324369163,,
TLC 405,-10.7,77,28,1,0,2.388,792.13,2.587775889,681.58,2.226624785,,
TLC 406,-10.7,77,28,1,1,2.553,832.16,2.718548198,708.76,2.315417974,,
TLC 407,-10.7,77,28,1,1,2.734,890.77,2.91001872,742.3,2.424988377,,
TLC 409,-10.7,77,28,2,0,2.409,797,2.603685486,693.15,2.264422327,,
TLC 410,-10.7,77,28,2,1,2.55,830.05,2.711655129,701.31,2.291079885,,
TLC 413,-10.7,77,28,2,1,2.881,928.51,3.033309925,780.66,2.550305033,,
TLC 415,-10.7,77,28,3,1,2.641,861.65,2.814887828,723.83,2.364649517,,
TLC 426,-10.7,80,20,2,1,2.738,871.95,2.848536461,722.34,2.359781899,,
TLC 427,-10.7,80,20,2,0,2.926,972.45,3.176855647,848.93,2.7733334,,
TLC 428,-10.7,80,20,2,0,2.86,946.27,3.091329316,821.77,2.684605548,,
TLC 431,-10.7,80,20,3,0,2.695,886.36,2.895611879,768.87,2.511788782,,
TLC 440,-10.7,80,24,2,1,2.609,848.29,2.771242611,705.69,2.305388721,,
TLC 441,-10.7,80,24,2,1,2.715,876.12,2.862159257,744.3,2.431522092,,
TLC 443,-10.7,80,24,2,0,2.668,882.75,2.883818523,774.63,2.530605882,,
TLC 444,-10.7,80,24,3,0,2.532,844.73,2.759612598,740.49,2.419075364,,
TLC 450,-10.7,80,28,1,1,2.586,837.31,2.735372515,690.4,2.255438468,,
TLC 451,-10.7,80,28,1,1,2.549,815.04,2.662619596,668.52,2.183959625,,
TLC 454,-10.7,80,28,2,1,2.519,810.65,2.648278092,670.42,2.190166654,,
TLC 456,-10.7,80,28,2,1,2.68,859.71,2.808550124,707.97,2.312837156,,
TLC 457,-10.7,80,28,2,0,2.691,889.64,2.906327171,774.33,2.529625825,,
TLC 459,-10.7,80,28,3,0,2.545,841.71,2.749746688,740.1,2.41780129,,
TLC 460,-10.7,80,28,3,1,2.641,854.51,2.791562465,708.91,2.315908002,,
TLC 461,-10.7,80,28,3,1,2.711,883.59,2.886562683,751.4,2.45471678,,
TLC 462,-10.7,80,28,3,0,2.607,857.29,2.800644329,742.81,2.426654474,,
TPN 021,-10.796,11,20,1,0,2.694,879.85,2.874344636,762.39,2.490619545,,
TPN 022,-10.796,11,20,1,0,2.558,835,2.727826074,747.8,2.442956093,,
TPN 023,-10.796,11,20,1,1,2.693,878.51,2.869967047,747.07,2.440571287,,
TPN 026,-10.796,11,20,2,0,2.899,957.24,3.127166743,859.41,2.807570067,,
TPN 027,-10.796,11,20,2,0,2.92,959.44,3.13435383,860.43,2.810902262,,
TPN 028,-10.796,11,20,2,0,2.815,930.16,3.03870024,833.57,2.723154467,,
TPN 032,-10.796,11,20,3,0,2.689,885.31,2.892181678,782.41,2.556022034,,
TPN 033,-10.796,11,20,3,1,2.746,882.84,2.88411254,749.86,2.44968582,,
TPN 034,-10.796,11,20,3,0,2.879,945.53,3.088911841,846.49,2.765362267,,
TPN 036,-10.796,11,24,1,1,2.759,897.84,2.933115403,764.77,2.498394666,,
TPN 038,-10.796,11,24,1,1,2.623,860.69,2.811751645,732.91,2.394312584,,
TPN 040,-10.796,11,24,1,0,2.681,878.14,2.868758309,787.21,2.57170295,,
TPN 041,-10.796,11,24,2,1,2.765,893.13,2.917728504,758.54,2.478042144,,
TPN 042,-10.796,11,24,2,1,2.702,871.36,2.846609015,737.29,2.40862142,,
TPN 043,-10.796,11,24,2,0,2.826,925.35,3.022986655,816.13,2.666180471,,
TPN 044,-10.796,11,24,2,1,2.921,951.08,3.107042901,821.68,2.684311531,,
TPN 046,-10.796,11,24,3,0,2.585,852.03,2.783460658,763.69,2.49486646,,
TPN 049,-10.796,11,24,3,1,3.007,974.21,3.182605316,820.79,2.681404027,,
TPN 051,-10.796,11,28,1,1,2.608,867.86,2.835175013,775.35,2.532958019,,
TPN 053,-10.796,11,28,1,1,2.951,954.69,3.118836256,813.01,2.655987876,,
TPN 059,-10.796,11,28,2,1,2.737,881.79,2.880682339,758.97,2.479446892,,
TPN 060,-10.796,11,28,2,1,2.907,942.47,3.078915257,797.09,2.603979503,,
TPN 066,-10.796,12,20,1,1,2.972,970.14,3.169309206,828.05,2.705121413,,
TPN 067,-10.796,12,20,1,0,2.888,957.96,3.129518881,855.37,2.794371962,,
TPN 068,-10.796,12,20,1,1,2.921,941.62,3.076138428,788.63,2.576341888,,
TPN 069,-10.796,12,20,1,0,3.034,998.99,3.263558047,888.94,2.904040371,,
TPN 076,-10.796,12,20,3,1,2.89,940.58,3.072740896,801.02,2.616818253,,
TPN 077,-10.796,12,20,3,1,2.734,896.23,2.927855763,757.65,2.47513464,,
TPN 079,-10.796,12,20,3,1,2.952,961.19,3.140070831,831.38,2.716000049,,
TPN 082,-10.796,12,24,1,0,2.846,953.26,3.11416465,838.19,2.738247349,,
TPN 086,-10.796,12,24,2,1,2.59,843.84,2.756705094,730.74,2.387223503,,
TPN 087,-10.796,12,24,2,1,2.802,902.74,2.949123006,770.74,2.517897806,,
TPN 088,-10.796,12,24,2,0,2.75,903.29,2.950919777,800.71,2.615805527,,
TPN 089,-10.796,12,24,2,0,2.743,902.64,2.94879632,796.25,2.601235343,,
TPN 090,-10.796,12,24,2,1,2.929,947.1,3.094040807,797.61,2.605678269,,
TPN 091,-10.796,12,24,3,0,2.769,920.44,3.006946385,821.79,2.684670885,,
TPN 092,-10.796,12,24,3,0,2.769,919.37,3.003450847,816.75,2.668205923,,
TPN 093,-10.796,12,24,3,1,2.842,931.4,3.042751144,777.59,2.54027578,,
TPN 096,-10.796,12,28,1,0,2.676,895.96,2.926973711,791.46,2.585587095,,
TPN 097,-10.796,12,28,1,0,2.594,860.82,2.812176336,762.18,2.489933505,,
TPN 099,-10.796,12,28,1,0,2.634,870.83,2.84487758,772.81,2.524660201,,
TPN 100,-10.796,12,28,1,1,2.672,880.77,2.877350145,774.24,2.529331807,,
TPN 101,-10.796,12,28,2,1,2.558,828.69,2.707212202,694.24,2.267983202,,
TPN 102,-10.796,12,28,2,0,2.654,865.11,2.826191155,777.69,2.540602466,,
TPN 103,-10.796,12,28,2,1,2.772,903.18,2.950560423,776.06,2.535277488,,
TPN 106,-10.796,12,28,3,1,2.597,850.09,2.777122954,715.93,2.338841342,,
TPN 107,-10.796,12,28,3,0,2.588,866.22,2.829817367,756.99,2.472978514,,
TPN 108,-10.796,12,28,3,0,2.785,916.29,2.993388926,804.55,2.62835026,,
TPN 111,-10.796,9,20,1,0,2.683,898.08,2.933899449,797.37,2.604894223,,
TPN 116,-10.796,9,20,2,1,3.091,996.96,3.256926326,824.72,2.694242778,,
TPN 121,-10.796,9,20,3,0,2.737,904.24,2.954023292,807.47,2.637889485,,
TPN 122,-10.796,9,20,3,1,2.889,942.06,3.077575845,799.19,2.610839904,,
TPN 126,-10.796,9,24,1,0,2.61,866.76,2.83158147,768.64,2.511037405,,
TPN 131,-10.796,9,24,2,0,2.734,906.78,2.96232111,798.51,2.608618441,,
TPN 136,-10.796,9,24,3,1,2.833,926.8,3.027723599,782.38,2.555924028,,
TPN 137,-10.796,9,24,3,1,2.772,905.03,2.956604109,771.76,2.521230001,,
TPN 138,-10.796,9,24,3,1,2.968,971.32,3.173164098,816.86,2.668565277,,
TPN 146,-10.796,9,28,2,1,2.753,893.53,2.919035247,766.43,2.50381765,,
TPN 147,-10.796,9,28,2,0,2.542,840.58,2.746055139,736.95,2.407510689,,
TPN 148,-10.796,9,28,2,0,2.519,841.74,2.749844694,745.48,2.435376984,,
TPN 156,-10.796,14,20,1,0,2.908,966.32,3.15682981,849.67,2.775750874,,
TPN 157,-10.796,14,20,1,1,2.807,913.88,2.985515799,770.57,2.51734244,,
TPN 158,-10.796,14,20,1,1,2.828,908.39,2.967580751,754.25,2.464027325,,
TPN 161,-10.796,14,20,2,1,3.195,1042.22,3.4047843,883.37,2.885843974,,
TPN 166,-10.796,14,20,3,1,3.016,985.03,3.217952715,824.55,2.693687412,,
TPN 167,-10.796,14,20,3,0,2.776,925.54,3.023607358,829.82,2.710903751,,
TPN 168,-10.796,14,20,3,0,2.691,902.1,2.947032217,819.63,2.677614473,,
TPN 171,-10.796,14,24,1,0,2.682,874.94,2.858304365,741.33,2.421819525,,
TPN 172,-10.796,14,24,1,1,2.884,934.47,3.052780396,787.21,2.57170295,,
TPN 173,-10.796,14,24,1,1,2.986,974.34,3.183030008,831.03,2.714856649,,
TPN 174,-10.796,14,24,1,1,2.965,963.78,3.148531992,816.52,2.667454546,,
TPN 176,-10.796,14,24,2,1,2.61,856.68,2.798651546,730.86,2.387615526,,
TPN 178,-10.796,14,24,2,0,2.719,904.95,2.956342761,823.74,2.691041257,,
TPN 182,-10.796,14,28,1,1,2.673,864.16,2.82308764,739.54,2.41597185,,
TPN 183,-10.796,14,28,1,0,2.741,917.38,2.9969498,803.73,2.625671437,,
TPN 187,-10.796,14,28,2,1,2.785,868.2,2.836285745,769.3,2.513193531,,
TPN 188,-10.796,14,28,2,0,2.607,831.13,2.715183335,769.95,2.515316988,,
TPN 191,-10.796,14,28,3,1,2.546,920.4,3.00681571,708.55,2.314731933,,
TPN 197,-10.796,7,20,1,0,2.758,938.56,3.066141844,833.94,2.724363205,,
TPN 198,-10.796,7,20,1,0,2.801,965.34,3.15362829,861.66,2.814920496,,
TPN 199,-10.796,7,20,1,0,2.874,902.53,2.948436965,886.82,2.897114633,,
TPN 201,-10.796,7,20,2,1,2.79,912.61,2.98136689,779.26,2.545731432,,
TPN 202,-10.796,7,20,2,0,2.734,913.68,2.984862427,843.73,2.75634574,,
TPN 203,-10.796,7,20,2,0,2.733,896.26,2.927953768,826.85,2.701201184,,
TPN 205,-10.796,7,20,2,0,2.69,887.36,2.898878736,814.89,2.662129568,,
TPN 206,-10.796,7,20,3,1,2.75,896.84,2.929848546,745.17,2.434364258,,
TPN 207,-10.796,7,20,3,1,2.737,889.95,2.907339897,777.08,2.538609683,,
TPN 208,-10.796,7,20,3,1,2.729,891.57,2.912632206,783.3,2.558929537,,
TPN 209,-10.796,7,20,3,1,2.681,966.49,3.157385176,768.5,2.510580045,,
TPN 210,-10.796,7,20,3,1,2.978,837.93,2.737397966,832.73,2.720410307,,
TPN 211,-10.796,7,24,1,1,2.545,852.82,2.786041476,704.59,2.301795177,,
TPN 212,-10.796,7,24,1,0,2.559,821.54,2.683854171,792.42,2.588723278,,
TPN 213,-10.796,7,24,1,0,2.467,865.52,2.827530567,761.06,2.486274625,,
TPN 214,-10.796,7,24,1,0,2.569,901.26,2.944288056,799.64,2.61230999,,
TPN 215,-10.796,7,24,1,0,2.699,809.28,2.643802497,820.86,2.681632707,,
TPN 216,-10.796,7,24,2,0,2.441,811.06,2.649617503,741.44,2.422178879,,
TPN 217,-10.796,7,24,2,1,2.462,807.05,2.636517404,696.36,2.27490894,,
TPN 222,-10.796,7,24,3,1,2.447,833.29,2.722239747,748.27,2.444491516,,
TPN 224,-10.796,7,24,3,0,2.493,838.56,2.739456087,761.75,2.488528756,,
TPN 225,-10.796,7,24,3,0,2.505,774.52,2.530246528,765.36,2.500322112,,
TPN 226,-10.796,7,28,1,1,2.354,752.31,2.457689621,666.48,2.177295235,,
TPN 227,-10.796,7,28,1,0,2.254,802.31,2.621032499,691.41,2.258737995,,
TPN 229,-10.796,7,28,1,0,2.392,799.83,2.612930693,749.99,2.450110511,,
TPN 230,-10.796,7,28,1,0,2.407,759.51,2.481210995,727.92,2.378010965,,
TPN 231,-10.796,7,28,2,0,2.292,766.51,2.504078998,677.31,2.212675303,,
TPN 232,-10.796,7,28,2,1,2.329,826.99,2.701658544,663.29,2.16687396,,
TPN 234,-10.796,7,28,2,1,2.555,816.53,2.667487214,720.39,2.353411527,,
TPN 235,-10.796,7,28,2,1,2.497,778.15,2.542105221,701.81,2.292713313,,
TPN 236,-10.796,7,28,3,0,2.354,796.19,2.601039331,694.62,2.269224607,,
TPN 237,-10.796,7,28,3,1,2.449,801.76,2.619235728,681.55,2.226526779,,
TPN 238,-10.796,7,28,3,1,2.449,845.28,2.761409369,699.04,2.283664118,,
TPN 239,-10.796,7,28,3,1,2.59,816.28,2.6666705,713.82,2.331948273,,
TPN 240,-10.796,7,28,3,0,2.444,905.59,2.95843355,742.36,2.425184388,,
