Code,Latitude,Locality,Family,Temp Num,Well,Sex,Sex num f0,Wing.length..mm.,CS 13 from MOG unscaled,CS scaled 13
APR 068,-3.028,APR,2,20,3,F,0,2.667,862.69,2.81828536
APR 069,-3.028,APR,2,24,1,M,1,2.666,861.74,2.815181845
APR 072,-3.028,APR,2,24,1,M,1,2.693,873.11,2.852326016
APR 074,-3.028,APR,2,24,2,F,0,2.61,884.93,2.890940272
APR 080,-3.028,APR,2,24,3,M,1,2.468,798.89,2.609859847
APR 081,-3.028,APR,2,24,3,F,0,2.455,810.22,2.646873343
APR 082,-3.028,APR,2,24,3,M,1,2.641,857.52,2.801395706
APR 087,-3.028,APR,2,28,1,F,0,2.631,868.45,2.837102459
APR 097,-3.028,APR,2,28,3,M,1,2.78,900.77,2.942687296
APR 100,-3.028,APR,3,20,1,F,0,2.764,912.25,2.980190821
APR 102,-3.028,APR,3,20,1,F,0,2.705,902.28,2.947620251
APR 105,-3.028,APR,3,20,2,M,1,2.731,883.35,2.885778637
APR 106,-3.028,APR,3,20,2,M,1,2.712,874.27,2.85611557
APR 112,-3.028,APR,3,20,3,M,1,2.763,899.46,2.938407713
APR 116,-3.028,APR,3,24,1,M,1,2.55,827.16,2.70221391
APR 122,-3.028,APR,3,24,2,F,0,2.66,881.5,2.879734951
APR 128,-3.028,APR,3,24,3,M,1,2.78,900.98,2.943373336
APR 130,-3.028,APR,3,28,1,F,0,2.526,837.26,2.735209172
APR 132,-3.028,APR,3,28,1,F,0,2.619,869.41,2.840238643
APR 142,-3.028,APR,3,28,3,M,1,2.632,850.9,2.779769109
APR 143,-3.028,APR,3,28,3,M,1,2.858,930.2,3.038830915
APR 144,-3.028,APR,4,20,1,F,0,2.821,946.49,3.092048024
APR 146,-3.028,APR,4,20,1,F,0,2.646,880.1,2.87516135
APR 153,-3.028,APR,4,20,2,M,1,2.836,960.49,3.13778403
APR 157,-3.028,APR,4,20,3,M,1,2.852,927.67,3.030565765
APR 159,-3.028,APR,4,24,1,M,1,2.646,858.24,2.803747844
APR 163,-3.028,APR,4,24,1,M,1,2.546,829.03,2.708322934
APR 172,-3.028,APR,4,24,3,F,0,2.806,919.94,3.005312956
APR 175,-3.028,APR,4,28,1,F,0,2.402,792.85,2.590128027
APR 178,-3.028,APR,4,28,1,M,1,2.483,807.64,2.63844485
APR 186,-3.028,APR,4,28,3,M,1,2.491,811.32,2.650466886
APR 189,-3.028,APR,7,20,1,M,1,2.692,877.07,2.865262772
APR 192,-3.028,APR,7,20,1,M,1,2.828,919.81,3.004888264
APR 197,-3.028,APR,7,20,2,M,1,2.863,920.8,3.008122453
APR 203,-3.028,APR,7,20,3,F,0,2.814,929.53,3.03664212
APR 208,-3.028,APR,7,24,1,F,0,2.755,912.64,2.981464896
APR 209,-3.028,APR,7,24,2,M,1,2.672,866.09,2.829392675
APR 231,-3.028,APR,7,28,3,M,1,2.52,825.51,2.696823595
APR 235,-3.028,APR,8,20,1,M,1,2.565,835.61,2.729818857
APR 239,-3.028,APR,8,20,2,F,0,2.789,919.23,3.002993487
APR 243,-3.028,APR,8,20,2,M,1,2.861,935.24,3.055295877
APR 244,-3.028,APR,8,20,3,M,1,2.764,903.82,2.952651212
APR 248,-3.028,APR,8,20,3,M,1,2.828,928.42,3.033015908
APR 253,-3.028,APR,8,24,1,F,0,2.607,870.43,2.843570837
APR 254,-3.028,APR,8,24,2,M,1,2.487,816.33,2.666833843
APR 256,-3.028,APR,8,24,2,F,0,2.576,849.29,2.774509468
APR 259,-3.028,APR,8,24,3,F,0,2.388,795.31,2.598164496
APR 261,-3.028,APR,8,24,3,M,1,2.3,757.08,2.473272531
APR 262,-3.028,APR,8,24,3,F,0,2.534,842.27,2.751576128
APR 263,-3.028,APR,8,24,3,M,1,2.568,839.26,2.741742887
APR 265,-3.028,APR,8,28,1,F,0,2.444,812.69,2.654942481
APR 266,-3.028,APR,8,28,1,M,1,2.519,823.09,2.6889178
APR 280,-3.028,APR,10,20,1,F,0,2.691,889.15,2.904726411
APR 285,-3.028,APR,10,20,2,M,1,2.753,900.52,2.941870582
APR 291,-3.028,APR,10,20,3,M,1,2.583,846.4,2.76506825
APR 293,-3.028,APR,10,20,3,M,1,2.808,910.9,2.975780563
APR 295,-3.028,APR,10,24,1,F,0,2.511,836.73,2.733477737
APR 297,-3.028,APR,10,24,1,F,0,2.775,922.89,3.014950186
APR 308,-3.028,APR,10,24,3,M,1,2.86,928.95,3.034747343
APR 312,-3.028,APR,10,28,1,M,1,2.694,878.16,2.868823646
APR 315,-3.028,APR,10,28,2,F,0,2.256,745.36,2.434984961
APR 331,-3.028,APR,14,20,2,F,0,2.668,886.21,2.89512185
APR 332,-3.028,APR,14,20,2,F,0,2.625,877.07,2.865262772
APR 333,-3.028,APR,14,20,2,M,1,2.935,946.75,3.092897407
APR 353,-3.028,APR,14,24,3,F,0,2.811,930.02,3.03824288
APR 359,-3.028,APR,14,28,2,F,0,2.516,836.71,2.7334124
APR 363,-3.028,APR,14,28,2,F,0,2.47,817.6,2.670982752
APR 370,-3.028,APR,19,20,1,M,1,2.701,870.4,2.843472832
APR 378,-3.028,APR,19,20,2,F,0,2.758,921.36,3.009951894
APR 382,-3.028,APR,19,20,3,M,1,2.813,915.14,2.989632039
APR 388,-3.028,APR,19,24,1,F,0,2.759,915.75,2.991624823
APR 392,-3.028,APR,19,24,2,F,0,2.488,823.43,2.690028531
APR 399,-3.028,APR,19,28,1,F,0,2.45,815.1,2.662815608
APR 400,-3.028,APR,19,28,1,M,1,2.447,803.85,2.62606346
APR 402,-3.028,APR,19,28,1,M,1,2.461,805.6,2.631780461
APR 407,-3.028,APR,19,28,2,M,1,2.418,794.75,2.596335056
APR 415,-3.028,APR,18,20,1,F,0,2.682,886.89,2.897343313
APR 418,-3.028,APR,18,20,1,M,1,2.892,938.62,3.066337855
APR 419,-3.028,APR,18,20,2,F,0,2.65,889.52,2.905935148
APR 421,-3.028,APR,18,20,2,M,1,2.706,880.46,2.876337419
APR 426,-3.028,APR,18,20,3,M,1,2.586,856.16,2.79695278
APR 433,-3.028,APR,18,24,1,F,0,2.659,875.84,2.861244537
APR 439,-3.028,APR,18,24,3,M,1,2.602,846.25,2.764578221
APR 447,-3.028,APR,18,28,1,F,0,2.415,800.64,2.615576847
APR 450,-3.028,APR,18,28,2,F,0,2.4563,817.52,2.670721403
APR 452,-3.028,APR,18,28,2,M,1,2.648,866.82,2.831777482
APR 457,-3.028,APR,18,28,3,F,0,2.433,811.25,2.650238206
APR 464,-3.028,APR,33,20,2,M,1,2.803,905.02,2.956571441
APR 472,-3.028,APR,33,20,3,F,0,2.72,901.9,2.946378845
APR 474,-3.028,APR,33,24,1,F,0,2.566,844.17,2.757783157
APR 475,-3.028,APR,33,24,1,M,1,2.535,824.51,2.693556738
APR 477,-3.028,APR,33,24,1,M,1,2.604,844.43,2.75863254
APR 478,-3.028,APR,33,24,1,M,1,2.477,814.91,2.662194905
APR 480,-3.028,APR,33,24,2,M,1,2.601,848.77,2.772810702
APR 483,-3.028,APR,33,24,2,F,0,2.68,880.65,2.876958122
APR 492,-3.028,APR,33,28,1,F,0,2.55,842.22,2.751412785
APR 496,-3.028,APR,33,28,2,M,1,2.458,797.75,2.606135629
APR 500,-3.028,APR,33,28,3,M,1,2.384,785.21,2.565169235
APR 501,-3.028,APR,33,28,3,F,0,2.402,793.16,2.591140753
APR 504,-3.028,APR,36,20,1,F,0,2.792,924.76,3.021059209
APR 506,-3.028,APR,36,20,1,M,1,2.719,885.71,2.893488421
APR 509,-3.028,APR,36,20,2,F,0,2.926,967.78,3.161599422
APR 515,-3.028,APR,36,20,3,M,1,2.845,927.61,3.030369753
APR 523,-3.028,APR,36,24,1,M,1,2.526,851.98,2.783297315
APR 527,-3.028,APR,36,24,2,M,1,2.771,907.6,2.964999933
APR 531,-3.028,APR,36,24,3,F,0,2.51,834.82,2.727238039
APR 534,-3.028,APR,36,28,1,M,1,2.592,846.07,2.763990187
APR 542,-3.028,APR,36,28,2,M,1,2.801,911.85,2.978884078
APR 544,-3.028,APR,36,28,3,M,1,2.646,868.81,2.838278528
APR 546,-3.028,APR,36,28,3,M,1,2.46,795.82,2.599830594
APR 562,-3.028,APR,38,20,3,F,0,2.705,898.65,2.935761558
APR 567,-3.028,APR,38,24,1,F,0,2.459,815.34,2.663599654
APR 569,-3.028,APR,38,24,2,F,0,2.397,791.33,2.585162403
APR 571,-3.028,APR,38,24,2,M,1,2.572,837.29,2.735307177
APR 573,-3.028,APR,38,24,2,F,0,2.723,898.42,2.935010181
APR 575,-3.028,APR,38,24,3,M,1,2.529,821.61,2.684082851
APR 585,-3.028,APR,38,28,2,F,0,2.626,867.88,2.835240351
APR 589,-3.028,APR,38,28,3,M,1,2.514,821.45,2.683560153
APR 591,-3.028,APR,38,28,3,F,0,2.426,806.29,2.634034593
APR 593,-3.028,APR,38,28,3,F,0,2.554,847.88,2.769903199
APR 605,-3.028,APR,40,20,3,F,0,2.685,884.16,2.888424792
APR 606,-3.028,APR,40,20,3,M,1,2.827,923.1,3.015636226
APR 624,-3.028,APR,40,28,1,F,0,2.327,769.64,2.514304263
APR 627,-3.028,APR,40,28,1,M,1,2.673,875.78,2.861048525
APR 631,-3.028,APR,40,28,2,M,1,2.506,823.43,2.690028531
APR 639,-3.028,APR,44,20,1,F,0,2.766,925.36,3.023019324
APR 641,-3.028,APR,44,20,1,F,0,2.646,883.41,2.885974649
APR 643,-3.028,APR,44,20,1,F,0,2.979,994.33,3.248334491
APR 657,-3.028,APR,44,24,1,F,0,2.66,884.93,2.890940272
APR 664,-3.028,APR,44,28,1,M,1,2.643,868.19,2.836253076
APR 670,-3.028,APR,44,28,2,F,0,2.547,840.14,2.744617721
APR 675,-3.028,APR,6,20,1,F,0,2.759,909.09,2.969867551
APR 677,-3.028,APR,6,20,1,F,0,2.82,932.31,3.045723984
APR 677,-3.028,APR,6,20,1,F,0,2.82,928.18,3.032231862
APR 678,-3.028,APR,6,20,1,F,0,2.898,965.46,3.154020313
APR 702,-3.028,APR,6,24,3,M,1,2.831,916.38,2.993682943
APR 709,-3.028,APR,6,28,2,F,0,2.319,767.44,2.507117176
APR 712,-3.028,APR,6,28,2,M,1,2.766,898.9,2.936578272
APR 714,-3.028,APR,6,28,3,F,0,2.443,816.04,2.665886454
ARS 023,-2.864,ARS,14,20,1,M,1,2.758,886.95,2.897539324
ARS 024,-2.864,ARS,14,20,1,F,0,2.671,878.39,2.869575024
ARS 029,-2.864,ARS,14,20,2,F,0,2.685,867.48,2.833933608
ARS 032,-2.864,ARS,14,20,3,M,1,2.788,892.19,2.914657658
ARS 036,-2.864,ARS,14,24,1,M,1,2.648,855.47,2.794698648
ARS 037,-2.864,ARS,14,24,1,F,0,2.639,874.79,2.857814336
ARS 038,-2.864,ARS,14,24,1,M,1,2.694,857.64,2.801787729
ARS 039,-2.864,ARS,14,24,1,F,0,2.713,884.18,2.888490129
ARS 040,-2.864,ARS,14,24,1,M,1,2.771,894.95,2.923674185
ARS 042,-2.864,ARS,14,24,2,M,1,2.526,809.07,2.643116457
ARS 045,-2.864,ARS,14,24,2,M,1,2.705,866.07,2.829327338
ARS 048,-2.864,ARS,14,24,3,M,1,2.665,856.9,2.799370254
ARS 056,-2.864,ARS,14,28,2,M,1,2.536,818.05,2.672452838
ARS 057,-2.864,ARS,14,28,2,F,0,2.356,768.54,2.510710719
ARS 059,-2.864,ARS,14,28,2,M,1,2.699,863.39,2.82057216
ARS 061,-2.864,ARS,14,28,3,M,1,2.533,820.39,2.680097284
ARS 074,-2.864,ARS,17,20,2,M,1,2.651,836.31,2.732105657
ARS 076,-2.864,ARS,17,20,3,F,0,2.465,809.65,2.645011234
ARS 078,-2.864,ARS,17,20,3,M,1,2.82,890.46,2.909005995
ARS 082,-2.864,ARS,17,24,1,M,1,2.549,820.72,2.681175347
ARS 089,-2.864,ARS,17,24,2,F,0,2.741,904.27,2.954121298
ARS 093,-2.864,ARS,17,24,3,F,0,2.389,784.38,2.562457743
ARS 100,-2.864,ARS,17,28,1,F,0,2.771,900.16,2.940694513
ARS 103,-2.864,ARS,17,28,2,M,1,2.588,832.14,2.718482861
ARS 104,-2.864,ARS,17,28,2,M,1,2.861,916.42,2.993813617
ARS 108,-2.864,ARS,17,28,3,F,0,2.449,800.78,2.616034207
ARS 113,-2.864,ARS,3,20,1,M,1,2.93,939.03,3.067677267
ARS 116,-2.864,ARS,3,20,2,F,0,2.755,896.13,2.927529077
ARS 118,-2.864,ARS,3,20,2,M,1,3.004,959.4,3.134223156
ARS 119,-2.864,ARS,3,20,2,F,0,2.934,962.26,3.143566368
ARS 120,-2.864,ARS,3,20,2,M,1,2.638,849.63,2.7756202
ARS 124,-2.864,ARS,3,20,3,F,0,2.765,906.24,2.960557007
ARS 128,-2.864,ARS,3,24,1,M,1,2.636,853.07,2.78685819
ARS 136,-2.864,ARS,3,24,3,M,1,2.694,871.05,2.845596289
ARS 139,-2.864,ARS,3,24,3,F,0,2.781,926,3.025110113
ARS 142,-2.864,ARS,3,28,1,F,0,2.461,813.81,2.658601362
ARS 147,-2.864,ARS,3,28,2,M,1,2.468,795.21,2.597837811
ARS 156,-2.864,ARS,16,20,1,F,0,2.609,871.52,2.847131712
ARS 163,-2.864,ARS,16,20,2,F,0,2.843,932.76,3.04719407
ARS 164,-2.864,ARS,16,20,2,M,1,2.944,958.31,3.130662281
ARS 165,-2.864,ARS,16,20,2,M,1,2.917,944.01,3.083946218
ARS 166,-2.864,ARS,16,20,3,F,0,2.704,902.33,2.947783594
ARS 174,-2.864,ARS,16,24,1,F,0,2.814,923.08,3.015570889
ARS 178,-2.864,ARS,16,24,2,M,1,2.512,831.56,2.716588083
ARS 180,-2.864,ARS,16,24,2,M,1,2.724,883.22,2.885353946
ARS 181,-2.864,ARS,16,24,3,M,1,2.509,813.48,2.657523299
ARS 182,-2.864,ARS,16,24,3,F,0,2.575,847.92,2.770033873
ARS 186,-2.864,ARS,16,28,1,M,1,2.456,796.19,2.601039331
ARS 188,-2.864,ARS,16,28,1,F,0,2.385,786.09,2.56804407
ARS 196,-2.864,ARS,16,28,3,F,0,2.355,779.98,2.54808357
ARS 246,-2.864,ARS,4,20,1,F,0,2.766,899.49,2.938505718
ARS 247,-2.864,ARS,4,20,1,M,1,2.621,846.25,2.764578221
ARS 251,-2.864,ARS,4,20,2,M,1,2.692,875.93,2.861538554
ARS 254,-2.864,ARS,4,20,2,F,0,2.745,906.8,2.962386447
ARS 255,-2.864,ARS,4,20,2,F,0,2.659,876.9,2.864707406
ARS 259,-2.864,ARS,4,20,3,M,1,2.725,876.6,2.863727349
ARS 261,-2.864,ARS,4,24,1,M,1,2.576,831.43,2.716163392
ARS 264,-2.864,ARS,4,24,1,F,0,2.785,912.36,2.980550175
ARS 265,-2.864,ARS,4,24,1,F,0,2.547,836.64,2.73318372
ARS 268,-2.864,ARS,4,24,2,M,1,2.856,925.4,3.023149998
ARS 269,-2.864,ARS,4,24,2,M,1,2.836,899.89,2.939812461
ARS 272,-2.864,ARS,4,24,3,F,0,2.483,816.2,2.666409151
ARS 276,-2.864,ARS,4,28,1,F,0,2.345,771.8,2.521360675
ARS 278,-2.864,ARS,4,28,1,M,1,2.593,834.26,2.725408599
ARS 282,-2.864,ARS,4,28,2,F,0,2.439,809.48,2.644455868
ARS 287,-2.864,ARS,4,28,3,M,1,2.478,789.62,2.579576077
ARS 294,-2.864,ARS,1,20,1,M,1,2.787,904.33,2.954317309
ARS 300,-2.864,ARS,1,20,2,M,1,2.999,965.93,3.155555736
ARS 303,-2.864,ARS,1,20,3,F,0,2.715,894.56,2.922400111
ARS 306,-2.864,ARS,1,24,1,F,0,2.724,897.4,2.931677986
ARS 313,-2.864,ARS,1,24,2,M,1,2.495,841.75,2.749877362
ARS 322,-2.864,ARS,1,28,1,M,1,2.759,907.19,2.963660522
ARS 325,-2.864,ARS,1,28,1,F,0,2.551,835.39,2.729100148
ARS 326,-2.864,ARS,1,28,2,M,1,2.563,776.12,2.5354735
ARS 332,-2.864,ARS,1,28,3,M,1,2.417,833.08,2.721553707
ARS 335,-2.864,ARS,1,28,3,M,1,2.965,827.6,2.703651328
ARS 343,-2.864,ARS,9,20,2,F,0,2.779,922.88,3.014917517
ARS 351,-2.864,ARS,9,24,1,M,1,2.696,869.01,2.8389319
ARS 353,-2.864,ARS,9,24,1,F,0,2.697,893.55,2.919100584
ARS 356,-2.864,ARS,9,24,2,M,1,2.682,862.89,2.818938731
ARS 362,-2.864,ARS,9,24,3,F,0,2.319,756.94,2.472815171
ARS 364,-2.864,ARS,9,24,3,M,1,2.454,795.62,2.599177222
ARS 369,-2.864,ARS,9,28,1,F,0,2.537,846.29,2.764708896
ARS 371,-2.864,ARS,9,28,2,M,1,2.519,825.26,2.696006881
ARS 372,-2.864,ARS,9,28,2,F,0,2.443,811.01,2.64945416
ARS 373,-2.864,ARS,9,28,2,F,0,2.483,798.08,2.607213692
ARS 378,-2.864,ARS,9,28,3,F,0,2.321,768.31,2.509959342
ARS 379,-2.864,ARS,9,28,3,M,1,2.396,951.86,3.10959105
ARS 384,-2.864,ARS,6,20,1,M,1,2.725,854.76,2.792379179
ARS 390,-2.864,ARS,6,20,2,M,1,2.896,943.21,3.081332732
ARS 391,-2.864,ARS,6,20,3,F,0,2.725,910.23,2.973591769
ARS 393,-2.864,ARS,6,20,3,F,0,2.599,860.5,2.811130942
ARS 400,-2.864,ARS,6,24,1,M,1,2.681,864.56,2.824394383
ARS 404,-2.864,ARS,6,24,2,F,0,2.559,846.56,2.765590947
ARS 413,-2.864,ARS,6,28,1,M,1,2.566,778.09,2.541909209
ARS 416,-2.864,ARS,6,28,2,M,1,2.483,838.4,2.738933389
ARS 417,-2.864,ARS,6,28,2,F,0,2.523,837.32,2.735405183
ARS 421,-2.864,ARS,6,28,3,M,1,2.592,802.65,2.622143231
ARS 422,-2.864,ARS,6,28,3,M,1,2.576,826.05,2.698587698
ARS 434,-2.864,ARS,13,20,2,M,1,2.747,898.91,2.936610941
ARS 436,-2.864,ARS,13,20,3,M,1,2.76,903.73,2.952357195
ARS 438,-2.864,ARS,13,20,3,F,0,2.63,869.88,2.841774066
ARS 449,-2.864,ARS,13,24,2,F,0,2.663,881.63,2.880159642
ARS 454,-2.864,ARS,13,24,3,F,0,2.638,883.95,2.887738752
ARS 456,-2.864,ARS,13,28,1,M,1,2.397,778.05,2.541778535
ARS 459,-2.864,ARS,13,28,1,F,0,2.614,764.25,2.4966959
ARS 462,-2.864,ARS,13,28,2,F,0,2.269,796.81,2.603064783
ARS 470,-2.864,ARS,13,28,3,F,0,2.4,855.08,2.793424574
ARS 516,-2.864,ARS,8,20,1,M,1,2.709,882.51,2.883034477
ARS 521,-2.864,ARS,8,20,2,M,1,2.744,883.74,2.887052712
ARS 523,-2.864,ARS,8,20,2,F,0,2.703,891.08,2.911031446
ARS 524,-2.864,ARS,8,20,2,F,0,2.653,876,2.861767234
ARS 525,-2.864,ARS,8,20,2,F,0,2.892,954.91,3.119554965
ARS 531,-2.864,ARS,8,24,1,F,0,2.64,875.91,2.861473217
ARS 533,-2.864,ARS,8,24,1,F,0,2.746,913.82,2.985319787
ARS 537,-2.864,ARS,8,24,2,F,0,2.593,864.97,2.825733795
ARS 545,-2.864,ARS,8,24,3,F,0,2.708,901.12,2.943830696
ARS 556,-2.864,ARS,8,28,3,F,0,2.459,820.1,2.679149896
ARS 559,-2.864,ARS,8,28,3,F,0,2.57,856.25,2.797246797
ARS 560,-2.864,ARS,8,28,3,F,0,2.346,780.27,2.549030959
RMO 056,-9.223,RMO,26,20,3,M,1,2.732,884.18,2.888490129
RMO 059,-9.223,RMO,26,20,3,F,0,2.965,984.23,3.215339229
RMO 062,-9.223,RMO,26,24,1,F,0,2.656,876.02,2.861832571
RMO 063,-9.223,RMO,26,24,1,F,0,3.011,994.36,3.248432496
RMO 071,-9.223,RMO,26,24,3,M,1,2.683,860.38,2.810738919
RMO 080,-9.223,RMO,26,28,1,M,1,2.486,803.87,2.626128797
RMO 084,-9.223,RMO,26,28,2,F,0,2.751,893.45,2.918773899
RMO 085,-9.223,RMO,26,28,2,M,1,2.612,845.67,2.762683444
RMO 093,-9.223,RMO,33,20,1,M,1,2.834,919.99,3.005476299
RMO 098,-9.223,RMO,33,20,2,F,0,2.781,923.06,3.015505551
RMO 099,-9.223,RMO,33,20,2,F,0,2.85,953.52,3.115014033
RMO 101,-9.223,RMO,33,20,3,M,1,2.709,877.74,2.867451566
RMO 106,-9.223,RMO,33,24,1,M,1,2.708,883.7,2.886922037
RMO 114,-9.223,RMO,33,24,2,M,1,2.795,917.71,2.998027863
RMO 118,-9.223,RMO,33,24,3,F,0,2.496,828.9,2.707898242
RMO 122,-9.223,RMO,33,28,1,F,0,2.376,786.22,2.568468761
RMO 148,-9.223,RMO,39,20,3,F,0,2.624,873.5,2.85360009
RMO 171,-9.223,RMO,39,28,2,F,0,2.548,842.66,2.752850203
RMO 178,-9.223,RMO,39,28,3,F,0,2.392,802.53,2.621751208
RMO 181,-9.223,RMO,41,20,1,F,0,2.881,970.96,3.171988029
RMO 187,-9.223,RMO,41,20,2,F,0,2.896,964.49,3.150851461
RMO 192,-9.223,RMO,41,20,3,M,1,2.703,884.92,2.890907604
RMO 194,-9.223,RMO,41,20,3,M,1,2.62,851.62,2.782121246
RMO 197,-9.223,RMO,41,24,1,M,1,2.566605836,837.72,2.736711926
RMO 198,-9.223,RMO,41,24,1,M,1,2.773966318,905.72,2.958858241
RMO 199,-9.223,RMO,41,24,1,M,1,2.734925705,895.22,2.924556237
RMO 205,-9.223,RMO,41,24,2,F,0,2.623553374,870.19,2.842786792
RMO 211,-9.223,RMO,41,28,1,M,1,2.701253257,888.07,2.901198205
RMO 216,-9.223,RMO,41,28,2,M,1,2.46947039,803.51,2.624952729
RMO 217,-9.223,RMO,41,28,2,F,0,2.557645856,855,2.793163225
RMO 219,-9.223,RMO,41,28,2,M,1,2.747174379,898.76,2.936120912
RMO 221,-9.223,RMO,41,28,3,M,1,2.512826396,833.51,2.722958456
RMO 226,-9.223,RMO,6,20,1,M,1,2.969844075,960.07,3.13641195
RMO 227,-9.223,RMO,6,20,1,F,0,2.823860601,935.8,3.057125317
RMO 231,-9.223,RMO,6,20,2,F,0,2.775397177,913.62,2.984666416
RMO 233,-9.223,RMO,6,20,2,M,1,2.800080311,911.49,2.977708009
RMO 241,-9.223,RMO,6,24,1,F,0,2.721223355,896.9,2.930044557
RMO 247,-9.223,RMO,6,24,2,F,0,2.684588149,898.75,2.936088244
RMO 258,-9.223,RMO,6,28,1,F,0,2.61634041,872.13,2.849124495
RMO 266,-9.223,RMO,6,28,3,F,0,2.454920607,816.52,2.667454546
RMO 273,-9.223,RMO,18,20,1,M,1,2.955,963.06,3.146179854
RMO 284,-9.223,RMO,18,20,3,F,0,2.83,937.41,3.062384958
RMO 286,-9.223,RMO,18,24,1,M,1,2.753,887.58,2.899597445
RMO 288,-9.223,RMO,18,24,1,F,0,2.74,905.79,2.959086921
RMO 308,-9.223,RMO,18,28,2,F,0,2.528,816.46,2.667258534
RMO 311,-9.223,RMO,18,28,3,M,1,2.504,820.08,2.679084559
RMO 312,-9.223,RMO,18,28,3,M,1,2.497,821.93,2.685128245
RMO 316,-9.223,RMO,24,20,1,M,1,2.755,897.83,2.933082735
RMO 322,-9.223,RMO,24,20,2,F,0,2.916,969.73,3.167969794
RMO 324,-9.223,RMO,24,20,2,F,0,2.972,997.74,3.259474475
RMO 327,-9.223,RMO,24,20,3,M,1,2.871,937.74,3.063463021
RMO 328,-9.223,RMO,24,20,3,F,0,2.866,950.76,3.105997506
RMO 331,-9.223,RMO,24,24,1,M,1,2.75,898.11,2.933997455
RMO 333,-9.223,RMO,24,24,1,M,1,2.747,900.68,2.942393279
RMO 335,-9.223,RMO,24,24,1,M,1,3.038,994.39,3.248530502
RMO 336,-9.223,RMO,24,24,2,F,0,2.561,859.84,2.808974816
RMO 338,-9.223,RMO,24,24,2,M,1,2.686,887.68,2.89992413
RMO 341,-9.223,RMO,24,24,3,M,1,2.781,911.9,2.979047421
RMO 344,-9.223,RMO,24,24,3,F,0,2.632,872.88,2.851574638
RMO 345,-9.223,RMO,24,24,3,M,1,2.871,944.57,3.085775658
RMO 348,-9.223,RMO,24,28,1,F,0,2.473,829.89,2.711132431
RMO 364,-9.223,RMO,27,20,1,M,1,2.818,920.35,3.006652367
RMO 368,-9.223,RMO,27,20,2,M,1,2.72,892.22,2.914755664
RMO 369,-9.223,RMO,27,20,2,F,0,2.627,878.09,2.868594966
RMO 391,-9.223,RMO,27,28,1,F,0,2.531,838.08,2.737887995
RMO 396,-9.223,RMO,27,28,2,F,0,2.389,794.66,2.596041039
RMO 403,-9.223,RMO,27,28,3,M,1,2.591,846.87,2.766603673
RMO 404,-9.223,RMO,27,28,3,M,1,2.348,771.02,2.518812526
RMO 411,-9.223,RMO,28,20,2,M,1,2.687,880.06,2.875030676
RMO 413,-9.223,RMO,28,20,2,M,1,2.734,892.63,2.916095075
RMO 414,-9.223,RMO,28,20,2,M,1,2.825,914.72,2.988259959
RMO 417,-9.223,RMO,28,20,3,F,0,2.667,891.61,2.912762881
RMO 423,-9.223,RMO,28,24,1,M,1,2.426,787.05,2.571180253
RMO 432,-9.223,RMO,28,24,3,F,0,2.409,800.34,2.61459679
RMO 442,-9.223,RMO,28,28,2,M,1,2.595,839.73,2.74327831
RMO 449,-9.223,RMO,28,28,3,F,0,2.546,850.24,2.777612983
RMO 458,-9.223,RMO,30,20,2,M,1,2.85,934.19,3.051865676
RMO 459,-9.223,RMO,30,20,2,F,0,2.608,870.93,2.845204266
RMO 472,-9.223,RMO,30,24,2,M,1,2.615,857.11,2.800056294
RMO 475,-9.223,RMO,30,24,2,M,1,2.705,882.22,2.882087088
RMO 476,-9.223,RMO,30,24,3,M,1,2.615,867,2.832365516
RMO 491,-9.223,RMO,30,28,3,M,1,2.591,851.81,2.782741949
RMO 499,-9.223,RMO,36,20,1,F,0,2.9,964.66,3.151406826
RMO 501,-9.223,RMO,36,20,2,M,1,2.607,857.29,2.800644329
RMO 503,-9.223,RMO,36,20,2,F,0,2.576,859.99,2.809464844
RMO 504,-9.223,RMO,36,20,2,M,1,2.565,846.17,2.764316873
RMO 505,-9.223,RMO,36,20,2,F,0,2.682,893.68,2.919525276
RMO 507,-9.223,RMO,36,20,3,F,0,2.739,907.4,2.964346562
RMO 513,-9.223,RMO,36,24,1,F,0,2.59,865.5,2.82746523
RMO 518,-9.223,RMO,36,24,2,M,1,2.444,805.07,2.630049026
RMO 520,-9.223,RMO,36,24,2,F,0,2.664,889.3,2.90521644
RMO 521,-9.223,RMO,36,24,3,M,1,2.562,832.54,2.719789604
RMO 536,-9.223,RMO,36,28,3,M,1,2.627,865.14,2.826289161
RMO 537,-9.223,RMO,36,28,3,F,0,2.496,838.93,2.740664824
RMO 538,-9.223,RMO,36,28,3,F,0,2.423,819.58,2.67745113
RMO 539,-9.223,RMO,36,28,3,M,1,2.772,899.9,2.93984513
RMO 541,-9.223,RMO,42,20,1,M,1,2.813,912.45,2.980844193
RMO 542,-9.223,RMO,42,20,1,F,0,2.657,860.89,2.812405016
RMO 543,-9.223,RMO,42,20,1,F,0,2.594,869.1,2.839225917
RMO 546,-9.223,RMO,42,20,2,M,1,2.941,962.13,3.143141677
RMO 554,-9.223,RMO,42,20,3,F,0,2.801,935.35,3.055655231
RMO 557,-9.223,RMO,42,24,1,F,0,2.602,865.3,2.826811858
RMO 561,-9.223,RMO,42,24,2,F,0,2.717,901.34,2.944549405
RMO 562,-9.223,RMO,42,24,2,M,1,2.621,857.31,2.800709666
RMO 571,-9.223,RMO,42,28,1,F,0,2.521,845.93,2.763532827
RMO 573,-9.223,RMO,42,28,1,F,0,2.556,859.06,2.806426667
RMO 596,-9.223,RMO,13,20,3,M,1,2.79,892.53,2.91576839
RMO 598,-9.223,RMO,13,20,3,F,0,2.625,869.72,2.841251368
RMO 602,-9.223,RMO,13,24,1,F,0,2.593,860.41,2.810836924
RMO 603,-9.223,RMO,13,24,1,F,0,2.532,841.67,2.749616014
RMO 605,-9.223,RMO,13,24,1,F,0,2.64,877.04,2.865164766
RMO 611,-9.223,RMO,13,24,3,F,0,2.407,805.37,2.631029084
RMO 625,-9.223,RMO,13,28,2,M,1,2.811,910.2,2.973493763
RMO 629,-9.223,RMO,13,28,3,F,0,2.551,852.6,2.785322767
RMO 639,-9.223,RMO,17,20,2,M,1,2.892,938.48,3.065880495
RMO 641,-9.223,RMO,17,20,3,F,0,2.938,966.73,3.158169222
RMO 646,-9.223,RMO,17,24,1,M,1,2.714,883.23,2.885386614
RMO 653,-9.223,RMO,17,24,2,M,1,2.664,876.93,2.864805412
RMO 656,-9.223,RMO,17,24,3,M,1,2.618,856.52,2.798128849
RMO 657,-9.223,RMO,17,24,3,M,1,2.407,787.83,2.573728402
RMO 659,-9.223,RMO,17,24,3,F,0,2.674,893.05,2.917467156
RMO 663,-9.223,RMO,17,28,1,F,0,2.549,847.99,2.770262553
RMO 671,-9.223,RMO,17,28,3,M,1,2.443,795.91,2.600124611
RMO 674,-9.223,RMO,17,28,3,F,0,2.45,824.11,2.692249995
RMO 682,-9.223,RMO,5,20,2,F,0,2.731,915.88,2.992049514
RMO 691,-9.223,RMO,5,24,1,F,0,2.615,880.82,2.877513488
RMO 694,-9.223,RMO,5,24,1,F,0,2.425,821.93,2.685128245
RMO 696,-9.223,RMO,5,24,2,F,0,2.655,874.51,2.856899616
RMO 700,-9.223,RMO,5,24,2,M,1,2.794,918.83,3.001686744
RMO 701,-9.223,RMO,5,24,3,F,0,2.524,846.26,2.76461089
RMO 702,-9.223,RMO,5,24,3,F,0,2.56,859.65,2.808354113
RMO 707,-9.223,RMO,5,28,1,M,1,2.548,847.24,2.76781241
RMO 708,-9.223,RMO,5,28,1,M,1,2.516,826.03,2.698522361
RMO 709,-9.223,RMO,5,28,1,M,1,2.707,891.9,2.913710269
RMO 712,-9.223,RMO,5,28,2,M,1,2.41,800.1,2.613812744
RMO 716,-9.223,RMO,5,28,3,F,0,2.256,760.39,2.48408583
RPV 095,-8.742,RPV,11,20,1,M,1,2.892,937.5,3.062678975
RPV 103,-8.742,RPV,11,20,2,F,0,2.865,958.22,3.130368264
RPV 116,-8.742,RPV,11,24,2,M,1,2.612,853.06,2.786825521
RPV 119,-8.742,RPV,11,24,2,F,0,2.522,840.77,2.746675842
RPV 123,-8.742,RPV,11,24,3,F,0,2.73,905.84,2.959250264
RPV 125,-8.742,RPV,11,28,1,M,1,2.328,761.55,2.487875385
RPV 142,-8.742,RPV,23,20,1,M,1,2.703,880.18,2.875422699
RPV 147,-8.742,RPV,23,20,2,M,1,3.038,981.77,3.20730276
RPV 156,-8.742,RPV,23,24,1,M,1,2.611,855.07,2.793391905
RPV 159,-8.742,RPV,23,24,1,M,1,2.816,910.07,2.973069072
RPV 167,-8.742,RPV,23,24,3,M,1,2.736,893.76,2.919786625
RPV 174,-8.742,RPV,23,28,1,M,1,2.524,818.7,2.674576295
RPV 176,-8.742,RPV,23,28,2,M,1,2.528,818.32,2.673334889
RPV 177,-8.742,RPV,23,28,2,F,0,2.237,743.84,2.430019337
RPV 181,-8.742,RPV,23,28,3,M,1,2.602,847,2.767028364
RPV 185,-8.742,RPV,25,20,1,F,0,2.752,913.72,2.984993102
RPV 191,-8.742,RPV,25,20,2,F,0,2.778,917.72,2.998060532
RPV 195,-8.742,RPV,25,20,3,F,0,2.765,917.99,2.998942584
RPV 220,-8.742,RPV,25,28,2,F,0,2.373,788.07,2.574512448
RPV 243,-8.742,RPV,38,20,3,M,1,2.81,918.43,3.000380001
RPV 244,-8.742,RPV,38,20,3,M,1,3.053,993.39,3.245263645
RPV 246,-8.742,RPV,38,24,1,M,1,2.59,846.13,2.764186198
RPV 252,-8.742,RPV,38,24,2,M,1,2.789,914.68,2.988129285
RPV 254,-8.742,RPV,38,24,2,F,0,2.577,868.08,2.835893722
RPV 258,-8.742,RPV,38,24,3,F,0,2.668,891.08,2.911031446
RPV 259,-8.742,RPV,38,24,3,F,0,2.622,878.92,2.871306458
RPV 263,-8.742,RPV,38,28,1,M,1,2.587,844.74,2.759645266
RPV 273,-8.742,RPV,38,28,3,F,0,2.174,728.23,2.37902369
RPV 280,-8.742,RPV,12,20,2,F,0,2.643,878.92,2.871306458
RPV 281,-8.742,RPV,12,20,2,F,0,2.604,859.3,2.807210713
RPV 290,-8.742,RPV,12,24,1,F,0,2.73,905.17,2.957061469
RPV 297,-8.742,RPV,12,24,2,F,0,2.609,867.55,2.834162288
RPV 300,-8.742,RPV,12,24,3,F,0,2.577,851.84,2.782839955
RPV 310,-8.742,RPV,12,28,2,F,0,2.439,808.27,2.640502971
RPV 312,-8.742,RPV,12,28,2,F,0,2.594,860.03,2.809595519
RPV 315,-8.742,RPV,12,28,3,F,0,2.594,862.57,2.817893337
RPV 329,-8.742,RPV,17,20,2,M,1,2.997,973.14,3.179109779
RPV 330,-8.742,RPV,17,20,3,M,1,2.9,938.79,3.066893221
RPV 337,-8.742,RPV,17,24,1,M,1,2.426,794.96,2.597021096
RPV 339,-8.742,RPV,17,24,1,M,1,2.721,891.3,2.911750155
RPV 344,-8.742,RPV,17,24,2,M,1,3.034,986.38,3.222362973
RPV 346,-8.742,RPV,17,24,3,M,1,2.503,813.75,2.65840535
RPV 350,-8.742,RPV,17,28,1,M,1,2.603,850.87,2.779671103
RPV 366,-8.742,RPV,18,20,1,F,0,2.799,926.3,3.02609017
RPV 371,-8.742,RPV,18,20,2,M,1,2.862,927.83,3.031088462
RPV 372,-8.742,RPV,18,20,2,F,0,2.851,943.66,3.082802817
RPV 374,-8.742,RPV,18,20,2,F,0,2.887,963.04,3.146114517
RPV 375,-8.742,RPV,18,20,3,M,1,2.963,951.33,3.107859615
RPV 391,-8.742,RPV,18,24,3,M,1,2.749,895.74,2.926255003
RPV 395,-8.742,RPV,18,28,1,F,0,2.506,830.74,2.71390926
RPV 399,-8.742,RPV,18,28,1,F,0,2.601,861.05,2.812927713
RPV 405,-8.742,RPV,18,28,3,M,1,2.388,764.95,2.498982701
RPV 407,-8.742,RPV,18,28,3,M,1,2.449,866.91,2.832071499
RPV 418,-8.742,RPV,19,20,2,M,1,2.939,957.94,3.129453544
RPV 422,-8.742,RPV,20,20,3,M,1,3.008,870.91,2.845138929
RPV 425,-8.742,RPV,19,24,1,M,1,2.742,876.4,2.863073977
RPV 432,-8.742,RPV,19,24,2,F,0,2.549,858.27,2.803845849
RPV 434,-8.742,RPV,19,24,2,F,0,2.775,920.45,3.006979053
RPV 435,-8.742,RPV,19,24,3,F,0,2.589,844.99,2.760461981
RPV 439,-8.742,RPV,19,24,3,M,1,2.641,860.06,2.809693524
RPV 440,-8.742,RPV,19,28,1,F,0,2.574,842.23,2.751445454
RPV 441,-8.742,RPV,19,28,1,F,0,2.421,802.39,2.621293848
RPV 445,-8.742,RPV,19,28,2,F,0,2.334,775.33,2.532892682
RPV 455,-8.742,RPV,20,20,1,M,1,2.702,813.11,2.656314561
RPV 461,-8.742,RPV,20,20,2,F,0,2.463,811.78,2.651969641
RPV 462,-8.742,RPV,20,20,2,F,0,2.485,825.59,2.697084944
RPV 463,-8.742,RPV,20,20,2,M,1,2.598,835.4,2.729132817
RPV 470,-8.742,RPV,20,24,1,F,0,2.608,862.72,2.818383365
RPV 472,-8.742,RPV,20,24,1,M,1,2.505,815.06,2.662684934
RPV 474,-8.742,RPV,20,24,1,F,0,2.601,866.45,2.830568744
RPV 475,-8.742,RPV,20,24,2,F,0,2.602,852.1,2.783689338
RPV 479,-8.742,RPV,20,24,2,F,0,2.651,875.05,2.858663719
RPV 480,-8.742,RPV,20,24,3,F,0,2.713,901,2.943438673
RPV 483,-8.742,RPV,20,24,3,F,0,2.717,892.37,2.915245693
RPV 487,-8.742,RPV,20,28,1,M,1,2.756,891.7,2.913056898
RPV 495,-8.742,RPV,20,28,3,F,0,2.197,722.41,2.360010579
RPV 497,-8.742,RPV,20,28,3,F,0,2.369,779.8,2.547495536
RPV 499,-8.742,RPV,20,28,3,M,1,2.551,828.14,2.705415431
RPV 502,-8.742,RPV,28,20,1,F,0,2.922,960.29,3.137130659
RPV 503,-8.742,RPV,28,20,1,F,0,2.671,891.17,2.911325463
RPV 520,-8.742,RPV,28,24,2,F,0,2.537,843.35,2.755104334
RPV 540,-8.742,RPV,28,28,3,M,1,2.308,811.76,2.651904304
RPV 542,-8.742,RPV,28,28,3,M,1,2.481,831.58,2.716653421
RPV 543,-8.742,RPV,28,28,3,F,0,2.561,792.07,2.587579878
RPV 545,-8.742,RPV,37,20,1,F,0,2.379,898,2.933638101
RPV 549,-8.742,RPV,37,20,1,F,0,2.808,972.79,3.177966379
RPV 550,-8.742,RPV,37,20,2,M,1,2.946,911.93,2.979145427
RPV 551,-8.742,RPV,37,20,2,M,1,2.838,891.37,2.911978835
RPV 556,-8.742,RPV,37,20,3,M,1,2.883,933.8,3.050591602
RPV 562,-8.742,RPV,37,24,1,M,1,2.596,885.9,2.894109124
RPV 566,-8.742,RPV,37,24,2,F,0,2.483,848.53,2.772026657
RPV 570,-8.742,RPV,37,24,3,M,1,2.59,805.04,2.629951021
RPV 574,-8.742,RPV,37,24,3,F,0,2.629,927.81,3.031023125
RPV 578,-8.742,RPV,37,28,1,F,0,2.405,807.38,2.637595467
RPV 580,-8.742,RPV,37,28,2,M,1,2.631,746.92,2.440081259
RPV 582,-8.742,RPV,37,28,2,F,0,2.307,836.31,2.732105657
RPV 591,-8.742,RPV,43,20,1,F,0,2.802,923.63,3.01736766
RPV 594,-8.742,RPV,43,20,1,M,1,3.068,1001.68,3.272345894
RPV 602,-8.742,RPV,43,20,3,F,0,3.029,1006.46,3.287961473
RPV 603,-8.742,RPV,43,20,3,M,1,2.923,953.52,3.115014033
RPV 604,-8.742,RPV,43,20,3,M,1,3.05,989.08,3.231183488
RPV 613,-8.742,RPV,43,24,2,M,1,2.656,865.23,2.826583178
RPV 614,-8.742,RPV,43,24,2,M,1,2.935,957.89,3.129290201
RPV 621,-8.742,RPV,43,28,1,M,1,2.545,839.5,2.742526933
RPV 635,-8.742,RPV,33,20,1,F,0,2.674,886.2,2.895089181
RPV 649,-8.742,RPV,33,20,3,F,0,2.802,922.5,3.013676111
RPV 652,-8.742,RPV,33,24,1,M,1,2.484,795.59,2.599079217
RPV 653,-8.742,RPV,33,24,1,M,1,2.665,869.63,2.840957351
RPV 658,-8.742,RPV,33,24,2,M,1,2.84,934.55,3.053041745
RPV 662,-8.742,RPV,33,24,3,F,0,2.557,843.12,2.754352957
RPV 664,-8.742,RPV,33,24,3,F,0,2.474,824.63,2.693948761
RPV 665,-8.742,RPV,33,28,1,M,1,2.455,796.78,2.602966777
RPV 669,-8.742,RPV,33,28,1,F,0,2.271,759.3,2.480524955
RPV 670,-8.742,RPV,33,28,2,M,1,2.462,802.2,2.620673145
RPV 677,-8.742,RPV,33,28,3,M,1,2.42,796.48,2.60198672
RPV 688,-8.742,RPV,42,20,2,F,0,2.717,913.74,2.985058439
RPV 690,-8.742,RPV,42,20,3,M,1,2.586,840.3,2.745140419
RPV 691,-8.742,RPV,42,20,3,M,1,2.68,877.06,2.865230103
RPV 693,-8.742,RPV,42,20,3,F,0,2.767,947.95,3.096817636
RPV 706,-8.742,RPV,42,24,3,F,0,2.538,848.81,2.772941377
RPV 709,-8.742,RPV,42,24,3,F,0,2.485,836.28,2.732007651
RPV 711,-8.742,RPV,42,28,1,F,0,2.305,768.89,2.511854119
RPV 714,-8.742,RPV,42,28,1,M,1,2.568,838.36,2.738802715
RPV 717,-8.742,RPV,42,28,2,F,0,2.459,822.64,2.687447714
RPV 722,-8.742,RPV,42,28,3,F,0,2.343,796.35,2.601562028
RPV 726,-8.742,RPV,15,20,1,M,1,2.838,924.83,3.021287889
RPV 728,-8.742,RPV,15,20,1,F,0,2.977,989.11,3.231281494
RPV 729,-8.742,RPV,15,20,1,M,1,3.122,1008.79,3.295573251
RPV 755,-8.742,RPV,15,28,1,F,0,2.436,806.47,2.634622627
RPV 766,-8.742,RPV,15,28,3,M,1,2.479,807.94,2.639424908
SJU 014,-22.611,SJU,6,20,1,F,0,3.051,1007.07,3.289954256
SJU 022,-22.611,SJU,6,20,2,F,0,2.853,946.69,3.092701396
SJU 026,-22.611,SJU,6,20,3,M,1,2.982,966.09,3.156078433
SJU 034,-22.611,SJU,6,24,2,F,0,2.53,831.94,2.717829489
SJU 037,-22.611,SJU,6,24,2,M,1,2.815,906.87,2.962615127
SJU 040,-22.611,SJU,6,24,3,F,0,2.748,907.21,2.963725859
SJU 050,-22.611,SJU,6,28,2,M,1,2.633,851.5,2.781729224
SJU 051,-22.611,SJU,6,28,2,M,1,2.702,857.15,2.800186969
SJU 055,-22.611,SJU,6,28,3,M,1,2.586,841.41,2.748766631
SJU 060,-22.611,SJU,4,20,1,F,0,3.114,1042.33,3.405143654
SJU 062,-22.611,SJU,4,20,1,F,0,3.025,1012.76,3.308542676
SJU 068,-22.611,SJU,4,20,2,M,1,2.838,932.29,3.045658647
SJU 075,-22.611,SJU,4,24,1,F,0,2.695,894.46,2.922073425
SJU 080,-22.611,SJU,4,24,2,F,0,2.651,860.14,2.809954873
SJU 081,-22.611,SJU,4,24,2,M,1,2.696,879.02,2.871633144
SJU 086,-22.611,SJU,4,24,3,M,1,2.723,903.63,2.952030509
SJU 104,-22.611,SJU,1,20,1,F,0,2.84,933.41,3.049317527
SJU 105,-22.611,SJU,1,20,1,M,1,2.613,877.96,2.868170275
SJU 111,-22.611,SJU,1,20,2,F,0,2.918,961.55,3.141246899
SJU 119,-22.611,SJU,1,24,1,M,1,2.742,885.15,2.891658981
SJU 120,-22.611,SJU,1,24,1,F,0,2.734,905.36,2.957682172
SJU 123,-22.611,SJU,1,24,1,F,0,2.776,921.05,3.008939168
SJU 124,-22.611,SJU,1,24,2,F,0,2.617,866.28,2.830013378
SJU 127,-22.611,SJU,1,24,2,M,1,2.665,882.39,2.882642454
SJU 129,-22.611,SJU,1,24,3,M,1,2.591,844.33,2.758305855
SJU 130,-22.611,SJU,1,24,3,M,1,2.767,901.02,2.943504011
SJU 131,-22.611,SJU,1,24,3,F,0,2.723,898.18,2.934226135
SJU 135,-22.611,SJU,1,28,1,F,0,2.629,863.31,2.820310811
SJU 136,-22.611,SJU,1,28,1,F,0,2.628,873.2,2.852620033
SJU 137,-22.611,SJU,1,28,1,M,1,2.792,906.59,2.961700407
SJU 139,-22.611,SJU,1,28,2,M,1,2.659,858.64,2.805054587
SJU 150,-22.611,SJU,2,20,1,F,0,3.052,999.81,3.26623687
SJU 152,-22.611,SJU,2,20,1,F,0,3.222,1060.74,3.465286502
SJU 154,-22.611,SJU,2,20,2,M,1,3.025,973.4,3.179959162
SJU 170,-22.611,SJU,2,24,2,M,1,2.852,924.63,3.020634518
SJU 184,-22.611,SJU,2,28,2,F,0,2.75,902.95,2.949809046
SJU 185,-22.611,SJU,2,28,2,F,0,2.704,893.9,2.920243985
SJU 189,-22.611,SJU,2,28,3,M,1,2.548,829.02,2.708290265
SJU 190,-22.611,SJU,2,28,3,M,1,2.534,829.01,2.708257597
SJU 196,-22.611,SJU,3,20,1,M,1,2.956,962.63,3.144775106
SJU 201,-22.611,SJU,3,20,2,M,1,2.996,976.86,3.191262489
SJU 204,-22.611,SJU,3,20,3,M,1,2.939,944.09,3.084207566
SJU 206,-22.611,SJU,3,20,3,F,0,2.905,965.61,3.154510341
SJU 207,-22.611,SJU,3,20,3,M,1,3.039,983.08,3.211582343
SJU 217,-22.611,SJU,3,24,2,F,0,2.806,934.86,3.054054471
SJU 218,-22.611,SJU,3,24,2,M,1,2.788,906.32,2.960818356
SJU 222,-22.611,SJU,3,24,3,F,0,2.702,893.46,2.918806567
SJU 223,-22.611,SJU,3,24,3,F,0,2.716,913.26,2.983490347
SJU 225,-22.611,SJU,3,28,1,F,0,2.713,877.19,2.865654795
SJU 227,-22.611,SJU,3,28,1,F,0,2.532,840.5,2.74579379
SJU 229,-22.611,SJU,3,28,2,M,1,2.92,952.69,3.112302541
SJU 235,-22.611,SJU,3,28,3,F,0,2.662,883.18,2.885223271
SJU 240,-22.611,SJU,5,20,1,M,1,2.781,886.2,2.895089181
SJU 245,-22.611,SJU,5,20,2,M,1,2.905,932.5,3.046344687
SJU 246,-22.611,SJU,5,20,2,M,1,2.814,913.5,2.984274393
SJU 250,-22.611,SJU,5,20,3,F,0,2.97,969.51,3.167251086
SJU 252,-22.611,SJU,5,20,3,F,0,2.933,963.72,3.14833598
SJU 254,-22.611,SJU,5,24,1,M,1,2.871,928.23,3.032395205
SJU 257,-22.611,SJU,5,24,1,M,1,2.966,962.05,3.142880328
SJU 265,-22.611,SJU,5,24,3,F,0,2.734,907.51,2.964705916
SJU 269,-22.611,SJU,5,28,1,F,0,2.601,862.16,2.816553925
SJU 270,-22.611,SJU,5,28,1,M,1,2.502,806.17,2.63364257
SJU 271,-22.611,SJU,5,28,1,F,0,2.657,878.89,2.871208452
SJU 279,-22.611,SJU,5,28,3,F,0,2.574,875.8,2.861113863
SJU 289,-22.611,SJU,7,20,2,F,0,3.192,1043.07,3.407561129
SJU 291,-22.611,SJU,7,20,2,F,0,3.232,1063.73,3.475054406
SJU 295,-22.611,SJU,7,24,1,F,0,2.811,927.87,3.031219136
SJU 296,-22.611,SJU,7,24,1,M,1,2.933,958.88,3.13252439
SJU 300,-22.611,SJU,7,24,2,M,1,2.752,884.15,2.888392123
SJU 303,-22.611,SJU,7,24,2,M,1,3.018,986.42,3.222493647
SJU 304,-22.611,SJU,7,28,1,M,1,2.608,844.4,2.758534535
SJU 305,-22.611,SJU,7,28,1,F,0,2.325,770.55,2.517277103
SJU 309,-22.611,SJU,7,28,2,F,0,2.499,828.42,2.706330151
SJU 310,-22.611,SJU,7,28,2,F,0,2.721,898.15,2.934128129
SJU 314,-22.611,SJU,7,28,3,F,0,2.685,885.25,2.891985667
SJU 315,-22.611,SJU,7,28,3,F,0,2.676,878.94,2.871371795
SJU 317,-22.611,SJU,7,28,3,M,1,2.903,942.04,3.077510508
SJU 319,-22.611,SJU,9,20,1,M,1,2.841,925.12,3.022235278
SJU 320,-22.611,SJU,9,20,1,M,1,2.876,926.18,3.025698147
SJU 321,-22.611,SJU,9,20,1,F,0,3.048,1002.21,3.274077328
SJU 325,-22.611,SJU,9,20,2,F,0,2.936,968.58,3.164212908
SJU 341,-22.611,SJU,9,24,2,M,1,2.895,940.14,3.071303479
SJU 364,-22.611,SJU,12,20,1,M,1,2.889,943.09,3.080940709
SJU 366,-22.611,SJU,12,20,1,M,1,3.216,1041,3.400798734
SJU 370,-22.611,SJU,12,20,2,M,1,3.05,982.17,3.208609503
SJU 372,-22.611,SJU,12,20,2,M,1,3.026,991.17,3.238011221
SJU 376,-22.611,SJU,12,20,3,F,0,3.133,1039.25,3.395081733
SJU 379,-22.611,SJU,12,24,1,F,0,2.668,884.24,2.88868614
SJU 381,-22.611,SJU,12,24,1,M,1,2.812,913.51,2.984307062
SJU 385,-22.611,SJU,12,24,2,F,0,2.669,879.5,2.873201236
SJU 389,-22.611,SJU,12,24,3,M,1,2.822,917.23,2.996459772
SJU 390,-22.611,SJU,12,24,3,F,0,2.681,886.95,2.897539324
SJU 392,-22.611,SJU,12,24,3,M,1,2.705,872.66,2.85085593
SJU 395,-22.611,SJU,12,28,1,M,1,2.631,848.58,2.772189999
SJU 397,-22.611,SJU,12,28,1,M,1,2.815,916.23,2.993192914
SJU 411,-22.611,SJU,10,20,1,M,1,2.865,935.38,3.055753237
SJU 412,-22.611,SJU,10,20,1,M,1,2.647,860.52,2.811196279
SJU 419,-22.611,SJU,10,20,3,M,1,3.017,972.35,3.176528961
SJU 422,-22.611,SJU,10,20,3,F,0,3.01,988.91,3.230628123
SJU 423,-22.611,SJU,10,20,3,F,0,3.11,1030.58,3.366758078
SJU 426,-22.611,SJU,10,24,1,F,0,3.04,1010.85,3.302302978
SJU 431,-22.611,SJU,10,24,2,F,0,2.895,956.8,3.125729326
SJU 434,-22.611,SJU,10,24,3,F,0,2.774,914.13,2.986332513
SJU 439,-22.611,SJU,10,28,1,F,0,2.699,893.53,2.919035247
SJU 440,-22.611,SJU,10,28,1,M,1,2.778,905.05,2.956669447
SJU 444,-22.611,SJU,10,28,2,M,1,2.631,850.74,2.779246412
SJU 461,-22.611,SJU,11,20,2,F,0,3.137,1041.98,3.404000254
SJU 465,-22.611,SJU,11,20,3,F,0,3.345,1103.65,3.605467361
SJU 472,-22.611,SJU,11,24,1,F,0,2.783,921.99,3.012010014
SJU 473,-22.611,SJU,11,24,1,M,1,2.805,912.92,2.982379616
SJU 481,-22.611,SJU,11,24,3,M,1,2.76,902.81,2.949351686
SJU 485,-22.611,SJU,11,28,1,M,1,2.53,819.26,2.676405735
TLC 104,-10.7,TLC,74,20,1,M,1,2.674,873.73,2.854351467
TLC 105,-10.7,TLC,74,20,1,F,0,2.786,911.63,2.978165369
TLC 114,-10.7,TLC,74,20,3,M,1,2.848,922.85,3.014819511
TLC 119,-10.7,TLC,74,24,1,M,1,2.665,862.84,2.818775388
TLC 120,-10.7,TLC,74,24,1,M,1,2.789,892.41,2.915376367
TLC 121,-10.7,TLC,74,24,1,M,1,2.82,912.35,2.980517507
TLC 125,-10.7,TLC,74,24,2,M,1,2.872,926.34,3.026220844
TLC 129,-10.7,TLC,74,24,3,M,1,2.694,862.54,2.817795331
TLC 130,-10.7,TLC,74,24,3,F,0,2.607,859.48,2.807798747
TLC 132,-10.7,TLC,74,24,3,F,0,2.725,902.92,2.94971104
TLC 136,-10.7,TLC,74,28,1,F,0,2.615,864.31,2.823577669
TLC 137,-10.7,TLC,74,28,1,F,0,2.593,840.78,2.74670851
TLC 139,-10.7,TLC,74,28,2,F,0,2.49,807.71,2.63867353
TLC 145,-10.7,TLC,74,28,3,F,0,2.515,832.35,2.719168901
TLC 146,-10.7,TLC,74,28,3,F,0,2.507,819.02,2.67562169
TLC 150,-10.7,TLC,75,20,1,F,0,2.726,901.66,2.945594799
TLC 151,-10.7,TLC,75,20,1,F,0,2.851,943.44,3.082084109
TLC 162,-10.7,TLC,75,20,3,F,0,2.746,917.35,2.996851795
TLC 163,-10.7,TLC,75,20,3,M,1,2.855,911.72,2.978459387
TLC 166,-10.7,TLC,75,24,1,F,0,2.75,924.71,3.020895866
TLC 176,-10.7,TLC,75,24,3,F,0,2.668,892.29,2.914984344
TLC 178,-10.7,TLC,75,24,3,F,0,2.798,925.6,3.02380337
TLC 184,-10.7,TLC,75,28,2,F,0,2.398,816.51,2.667421877
TLC 185,-10.7,TLC,75,28,2,M,1,2.49,786.08,2.568011401
TLC 189,-10.7,TLC,75,28,3,M,1,2.587,881.33,2.879179585
TLC 194,-10.7,TLC,76,20,1,M,1,2.487,928.39,3.032917902
TLC 198,-10.7,TLC,76,20,1,F,0,2.678,901.64,2.945529462
TLC 206,-10.7,TLC,76,20,3,M,1,2.768,906.47,2.961308384
TLC 207,-10.7,TLC,76,20,3,F,0,2.644,872.9,2.851639976
TLC 209,-10.7,TLC,76,24,1,M,1,2.779,902.84,2.949449691
TLC 210,-10.7,TLC,76,24,1,F,0,2.696,890.29,2.908450629
TLC 214,-10.7,TLC,76,24,2,M,1,2.676,861.51,2.814430468
TLC 215,-10.7,TLC,76,24,2,F,0,2.48,815.86,2.66529842
TLC 218,-10.7,TLC,76,24,2,F,0,2.62,876.43,2.863171983
TLC 219,-10.7,TLC,76,24,3,M,1,2.827,917.08,2.995969743
TLC 226,-10.7,TLC,76,28,1,F,0,2.689,876.88,2.864642069
TLC 229,-10.7,TLC,76,28,2,F,0,2.399,792.44,2.588788615
TLC 231,-10.7,TLC,76,28,2,F,0,2.464,821.55,2.683886839
TLC 234,-10.7,TLC,76,28,3,F,0,2.449,815.25,2.663305636
TLC 237,-10.7,TLC,76,28,3,F,0,2.507,825.6,2.697117612
TLC 239,-10.7,TLC,82,20,1,M,1,2.68,877.01,2.86506676
TLC 242,-10.7,TLC,82,20,1,M,1,2.924,945.64,3.089271195
TLC 244,-10.7,TLC,82,20,2,F,0,2.544,840.15,2.74465039
TLC 245,-10.7,TLC,82,20,2,M,1,2.594,848.55,2.772091994
TLC 248,-10.7,TLC,82,20,2,F,0,2.917,966.45,3.157254502
TLC 249,-10.7,TLC,82,20,3,F,0,2.572,850.52,2.778527703
TLC 253,-10.7,TLC,82,20,3,M,1,2.794,913.07,2.982869644
TLC 256,-10.7,TLC,82,24,1,F,0,2.599,864.43,2.823969692
TLC 257,-10.7,TLC,82,24,1,M,1,2.609,841.53,2.749158654
TLC 260,-10.7,TLC,82,24,2,M,1,2.536,828.25,2.705774785
TLC 262,-10.7,TLC,82,24,2,M,1,2.847,868.26,2.836481756
TLC 267,-10.7,TLC,82,24,3,F,0,2.617,863.45,2.820768172
TLC 271,-10.7,TLC,82,28,1,F,0,2.699,890.87,2.910345406
TLC 275,-10.7,TLC,82,28,2,M,1,2.305,751.09,2.453704055
TLC 276,-10.7,TLC,82,28,2,F,0,2.512,833.77,2.723807839
TLC 281,-10.7,TLC,82,28,3,M,1,2.475,807.42,2.637726142
TLC 283,-10.7,TLC,82,28,3,F,0,2.595,850.17,2.777384303
TLC 284,-10.7,TLC,79,20,1,M,1,3.104,1000.35,3.268000973
TLC 285,-10.7,TLC,79,20,1,F,0,2.767,908.24,2.967090722
TLC 286,-10.7,TLC,79,20,1,F,0,2.82,929.91,3.037883526
TLC 295,-10.7,TLC,79,20,3,M,1,2.868,948.16,3.097503677
TLC 296,-10.7,TLC,79,20,3,M,1,2.865,938.12,3.064704426
TLC 302,-10.7,TLC,79,24,1,F,0,2.729,898.17,2.934193466
TLC 304,-10.7,TLC,79,24,2,M,1,2.703,881.8,2.880715008
TLC 307,-10.7,TLC,79,24,2,F,0,2.698,883.67,2.886824032
TLC 311,-10.7,TLC,79,24,3,M,1,3.004,976.92,3.1914585
TLC 316,-10.7,TLC,79,28,1,M,1,2.651,860.57,2.811359622
TLC 324,-10.7,TLC,79,28,3,M,1,2.495,811.62,2.651446943
TLC 327,-10.7,TLC,79,28,3,M,1,2.583,842.89,2.75360158
TLC 332,-10.7,TLC,83,20,1,F,0,2.733,907.17,2.963595185
TLC 333,-10.7,TLC,83,20,1,M,1,2.884,925.76,3.024326067
TLC 334,-10.7,TLC,83,20,2,M,1,2.759,900.91,2.943144656
TLC 335,-10.7,TLC,83,20,2,F,0,2.713,907.73,2.965424625
TLC 338,-10.7,TLC,83,20,2,M,1,3.059,910.29,2.97378778
TLC 340,-10.7,TLC,83,20,3,F,0,2.742,991.6,3.239415969
TLC 341,-10.7,TLC,83,20,3,M,1,2.663,861.65,2.814887828
TLC 342,-10.7,TLC,83,20,3,F,0,2.933,974,3.181919276
TLC 346,-10.7,TLC,83,24,1,M,1,2.837,923.87,3.018151706
TLC 347,-10.7,TLC,83,24,1,F,0,2.744,910.07,2.973069072
TLC 348,-10.7,TLC,83,24,1,M,1,2.891,937.96,3.064181729
TLC 349,-10.7,TLC,83,24,2,F,0,2.678,891.02,2.910835435
TLC 352,-10.7,TLC,83,24,2,F,0,2.72,908.75,2.96875682
TLC 356,-10.7,TLC,83,24,3,M,1,2.683,874.21,2.855919559
TLC 359,-10.7,TLC,83,28,1,M,1,2.532,839.6,2.742853618
TLC 360,-10.7,TLC,83,28,1,M,1,2.375,773.56,2.527110344
TLC 379,-10.7,TLC,77,20,2,F,0,2.731,897.19,2.930991946
TLC 381,-10.7,TLC,77,20,2,M,1,2.705,871.73,2.847817752
TLC 382,-10.7,TLC,77,20,2,M,1,2.696,957.99,3.129616886
TLC 383,-10.7,TLC,77,20,2,M,1,3.032,964.82,3.151929524
TLC 384,-10.7,TLC,77,20,3,F,0,2.678,882.25,2.882185094
TLC 391,-10.7,TLC,77,24,1,F,0,2.609,872.26,2.849549187
TLC 393,-10.7,TLC,77,24,1,M,1,2.84,916.76,2.994924349
TLC 394,-10.7,TLC,77,24,2,F,0,2.578,850.58,2.778723715
TLC 396,-10.7,TLC,77,24,2,F,0,2.645,873.7,2.854253462
TLC 399,-10.7,TLC,77,24,3,M,1,2.891,943.97,3.083815543
TLC 404,-10.7,TLC,77,28,1,F,0,2.427,804.94,2.629624335
TLC 405,-10.7,TLC,77,28,1,F,0,2.388,792.13,2.587775889
TLC 406,-10.7,TLC,77,28,1,M,1,2.553,832.16,2.718548198
TLC 407,-10.7,TLC,77,28,1,M,1,2.734,890.77,2.91001872
TLC 409,-10.7,TLC,77,28,2,F,0,2.409,797,2.603685486
TLC 410,-10.7,TLC,77,28,2,M,1,2.55,830.05,2.711655129
TLC 413,-10.7,TLC,77,28,2,M,1,2.881,928.51,3.033309925
TLC 415,-10.7,TLC,77,28,3,M,1,2.641,861.65,2.814887828
TLC 426,-10.7,TLC,80,20,2,M,1,2.738,871.95,2.848536461
TLC 427,-10.7,TLC,80,20,2,F,0,2.926,972.45,3.176855647
TLC 428,-10.7,TLC,80,20,2,F,0,2.86,946.27,3.091329316
TLC 431,-10.7,TLC,80,20,3,F,0,2.695,886.36,2.895611879
TLC 440,-10.7,TLC,80,24,2,M,1,2.609,848.29,2.771242611
TLC 441,-10.7,TLC,80,24,2,M,1,2.715,876.12,2.862159257
TLC 443,-10.7,TLC,80,24,2,F,0,2.668,882.75,2.883818523
TLC 444,-10.7,TLC,80,24,3,F,0,2.532,844.73,2.759612598
TLC 450,-10.7,TLC,80,28,1,M,1,2.586,837.31,2.735372515
TLC 451,-10.7,TLC,80,28,1,M,1,2.549,815.04,2.662619596
TLC 454,-10.7,TLC,80,28,2,M,1,2.519,810.65,2.648278092
TLC 456,-10.7,TLC,80,28,2,M,1,2.68,859.71,2.808550124
TLC 457,-10.7,TLC,80,28,2,F,0,2.691,889.64,2.906327171
TLC 459,-10.7,TLC,80,28,3,F,0,2.545,841.71,2.749746688
TLC 460,-10.7,TLC,80,28,3,M,1,2.641,854.51,2.791562465
TLC 461,-10.7,TLC,80,28,3,M,1,2.711,883.59,2.886562683
TLC 462,-10.7,TLC,80,28,3,F,0,2.607,857.29,2.800644329
TPN 021,-10.796,TPN,11,20,1,F,0,2.694,879.85,2.874344636
TPN 022,-10.796,TPN,11,20,1,F,0,2.558,835,2.727826074
TPN 023,-10.796,TPN,11,20,1,M,1,2.693,878.51,2.869967047
TPN 026,-10.796,TPN,11,20,2,F,0,2.899,957.24,3.127166743
TPN 027,-10.796,TPN,11,20,2,F,0,2.92,959.44,3.13435383
TPN 028,-10.796,TPN,11,20,2,F,0,2.815,930.16,3.03870024
TPN 032,-10.796,TPN,11,20,3,F,0,2.689,885.31,2.892181678
TPN 033,-10.796,TPN,11,20,3,M,1,2.746,882.84,2.88411254
TPN 034,-10.796,TPN,11,20,3,F,0,2.879,945.53,3.088911841
TPN 036,-10.796,TPN,11,24,1,M,1,2.759,897.84,2.933115403
TPN 038,-10.796,TPN,11,24,1,M,1,2.623,860.69,2.811751645
TPN 040,-10.796,TPN,11,24,1,F,0,2.681,878.14,2.868758309
TPN 041,-10.796,TPN,11,24,2,M,1,2.765,893.13,2.917728504
TPN 042,-10.796,TPN,11,24,2,M,1,2.702,871.36,2.846609015
TPN 043,-10.796,TPN,11,24,2,F,0,2.826,925.35,3.022986655
TPN 044,-10.796,TPN,11,24,2,M,1,2.921,951.08,3.107042901
TPN 046,-10.796,TPN,11,24,3,F,0,2.585,852.03,2.783460658
TPN 049,-10.796,TPN,11,24,3,M,1,3.007,974.21,3.182605316
TPN 051,-10.796,TPN,11,28,1,M,1,2.608,867.86,2.835175013
TPN 053,-10.796,TPN,11,28,1,M,1,2.951,954.69,3.118836256
TPN 059,-10.796,TPN,11,28,2,M,1,2.737,881.79,2.880682339
TPN 060,-10.796,TPN,11,28,2,M,1,2.907,942.47,3.078915257
TPN 066,-10.796,TPN,12,20,1,M,1,2.972,970.14,3.169309206
TPN 067,-10.796,TPN,12,20,1,F,0,2.888,957.96,3.129518881
TPN 068,-10.796,TPN,12,20,1,M,1,2.921,941.62,3.076138428
TPN 069,-10.796,TPN,12,20,1,F,0,3.034,998.99,3.263558047
TPN 076,-10.796,TPN,12,20,3,M,1,2.89,940.58,3.072740896
TPN 077,-10.796,TPN,12,20,3,M,1,2.734,896.23,2.927855763
TPN 079,-10.796,TPN,12,20,3,M,1,2.952,961.19,3.140070831
TPN 082,-10.796,TPN,12,24,1,F,0,2.846,953.26,3.11416465
TPN 086,-10.796,TPN,12,24,2,M,1,2.59,843.84,2.756705094
TPN 087,-10.796,TPN,12,24,2,M,1,2.802,902.74,2.949123006
TPN 088,-10.796,TPN,12,24,2,F,0,2.75,903.29,2.950919777
TPN 089,-10.796,TPN,12,24,2,F,0,2.743,902.64,2.94879632
TPN 090,-10.796,TPN,12,24,2,M,1,2.929,947.1,3.094040807
TPN 091,-10.796,TPN,12,24,3,F,0,2.769,920.44,3.006946385
TPN 092,-10.796,TPN,12,24,3,F,0,2.769,919.37,3.003450847
TPN 093,-10.796,TPN,12,24,3,M,1,2.842,931.4,3.042751144
TPN 096,-10.796,TPN,12,28,1,F,0,2.676,895.96,2.926973711
TPN 097,-10.796,TPN,12,28,1,F,0,2.594,860.82,2.812176336
TPN 099,-10.796,TPN,12,28,1,F,0,2.634,870.83,2.84487758
TPN 100,-10.796,TPN,12,28,1,M,1,2.672,880.77,2.877350145
TPN 101,-10.796,TPN,12,28,2,M,1,2.558,828.69,2.707212202
TPN 102,-10.796,TPN,12,28,2,F,0,2.654,865.11,2.826191155
TPN 103,-10.796,TPN,12,28,2,M,1,2.772,903.18,2.950560423
TPN 106,-10.796,TPN,12,28,3,M,1,2.597,850.09,2.777122954
TPN 107,-10.796,TPN,12,28,3,F,0,2.588,866.22,2.829817367
TPN 108,-10.796,TPN,12,28,3,F,0,2.785,916.29,2.993388926
TPN 111,-10.796,TPN,9,20,1,F,0,2.683,898.08,2.933899449
TPN 116,-10.796,TPN,9,20,2,M,1,3.091,996.96,3.256926326
TPN 121,-10.796,TPN,9,20,3,F,0,2.737,904.24,2.954023292
TPN 122,-10.796,TPN,9,20,3,M,1,2.889,942.06,3.077575845
TPN 126,-10.796,TPN,9,24,1,F,0,2.61,866.76,2.83158147
TPN 131,-10.796,TPN,9,24,2,F,0,2.734,906.78,2.96232111
TPN 136,-10.796,TPN,9,24,3,M,1,2.833,926.8,3.027723599
TPN 137,-10.796,TPN,9,24,3,M,1,2.772,905.03,2.956604109
TPN 138,-10.796,TPN,9,24,3,M,1,2.968,971.32,3.173164098
TPN 146,-10.796,TPN,9,28,2,M,1,2.753,893.53,2.919035247
TPN 147,-10.796,TPN,9,28,2,F,0,2.542,840.58,2.746055139
TPN 148,-10.796,TPN,9,28,2,F,0,2.519,841.74,2.749844694
TPN 156,-10.796,TPN,14,20,1,F,0,2.908,966.32,3.15682981
TPN 157,-10.796,TPN,14,20,1,M,1,2.807,913.88,2.985515799
TPN 158,-10.796,TPN,14,20,1,M,1,2.828,908.39,2.967580751
TPN 161,-10.796,TPN,14,20,2,M,1,3.195,1042.22,3.4047843
TPN 166,-10.796,TPN,14,20,3,M,1,3.016,985.03,3.217952715
TPN 167,-10.796,TPN,14,20,3,F,0,2.776,925.54,3.023607358
TPN 168,-10.796,TPN,14,20,3,F,0,2.691,902.1,2.947032217
TPN 171,-10.796,TPN,14,24,1,F,0,2.682,874.94,2.858304365
TPN 172,-10.796,TPN,14,24,1,M,1,2.884,934.47,3.052780396
TPN 173,-10.796,TPN,14,24,1,M,1,2.986,974.34,3.183030008
TPN 174,-10.796,TPN,14,24,1,M,1,2.965,963.78,3.148531992
TPN 176,-10.796,TPN,14,24,2,M,1,2.61,856.68,2.798651546
TPN 178,-10.796,TPN,14,24,2,F,0,2.719,904.95,2.956342761
TPN 182,-10.796,TPN,14,28,1,M,1,2.673,864.16,2.82308764
TPN 183,-10.796,TPN,14,28,1,F,0,2.741,917.38,2.9969498
TPN 187,-10.796,TPN,14,28,2,M,1,2.785,868.2,2.836285745
TPN 188,-10.796,TPN,14,28,2,F,0,2.607,831.13,2.715183335
TPN 191,-10.796,TPN,14,28,3,M,1,2.546,920.4,3.00681571
TPN 197,-10.796,TPN,7,20,1,F,0,2.758,938.56,3.066141844
TPN 198,-10.796,TPN,7,20,1,F,0,2.801,965.34,3.15362829
TPN 199,-10.796,TPN,7,20,1,F,0,2.874,902.53,2.948436965
TPN 201,-10.796,TPN,7,20,2,M,1,2.79,912.61,2.98136689
TPN 202,-10.796,TPN,7,20,2,F,0,2.734,913.68,2.984862427
TPN 203,-10.796,TPN,7,20,2,F,0,2.733,896.26,2.927953768
TPN 205,-10.796,TPN,7,20,2,F,0,2.69,887.36,2.898878736
TPN 206,-10.796,TPN,7,20,3,M,1,2.75,896.84,2.929848546
TPN 207,-10.796,TPN,7,20,3,M,1,2.737,889.95,2.907339897
TPN 208,-10.796,TPN,7,20,3,M,1,2.729,891.57,2.912632206
TPN 209,-10.796,TPN,7,20,3,M,1,2.681,966.49,3.157385176
TPN 210,-10.796,TPN,7,20,3,M,1,2.978,837.93,2.737397966
TPN 211,-10.796,TPN,7,24,1,M,1,2.545,852.82,2.786041476
TPN 212,-10.796,TPN,7,24,1,F,0,2.559,821.54,2.683854171
TPN 213,-10.796,TPN,7,24,1,F,0,2.467,865.52,2.827530567
TPN 214,-10.796,TPN,7,24,1,F,0,2.569,901.26,2.944288056
TPN 215,-10.796,TPN,7,24,1,F,0,2.699,809.28,2.643802497
TPN 216,-10.796,TPN,7,24,2,F,0,2.441,811.06,2.649617503
TPN 217,-10.796,TPN,7,24,2,M,1,2.462,807.05,2.636517404
TPN 222,-10.796,TPN,7,24,3,M,1,2.447,833.29,2.722239747
TPN 224,-10.796,TPN,7,24,3,F,0,2.493,838.56,2.739456087
TPN 225,-10.796,TPN,7,24,3,F,0,2.505,774.52,2.530246528
TPN 226,-10.796,TPN,7,28,1,M,1,2.354,752.31,2.457689621
TPN 227,-10.796,TPN,7,28,1,F,0,2.254,802.31,2.621032499
TPN 229,-10.796,TPN,7,28,1,F,0,2.392,799.83,2.612930693
TPN 230,-10.796,TPN,7,28,1,F,0,2.407,759.51,2.481210995
TPN 231,-10.796,TPN,7,28,2,F,0,2.292,766.51,2.504078998
TPN 232,-10.796,TPN,7,28,2,M,1,2.329,826.99,2.701658544
TPN 234,-10.796,TPN,7,28,2,M,1,2.555,816.53,2.667487214
TPN 235,-10.796,TPN,7,28,2,M,1,2.497,778.15,2.542105221
TPN 236,-10.796,TPN,7,28,3,F,0,2.354,796.19,2.601039331
TPN 237,-10.796,TPN,7,28,3,M,1,2.449,801.76,2.619235728
TPN 238,-10.796,TPN,7,28,3,M,1,2.449,845.28,2.761409369
TPN 239,-10.796,TPN,7,28,3,M,1,2.59,816.28,2.6666705
TPN 240,-10.796,TPN,7,28,3,F,0,2.444,905.59,2.95843355
